question_id,question_data,subquestions,text,data
Nivelcurso,Indique o nível de seu curso atual.,Nivelcurso,Indique o nível de seu curso atual.,"['Graduação (presencial ou a distância)', 'Graduação (presencial ou a distância)', 'Graduação (presencial ou a distância)', 'Graduação (presencial ou a distância)', 'Pós-graduação (lato ou stricto sensu)', 'Graduação (presencial ou a distância)', 'Graduação (presencial ou a distância)', 'Graduação (presencial ou a distância)', 'Graduação (presencial ou a distância)', 'Graduação (presencial ou a distância)', 'Graduação (presencial ou a distância)', 'Graduação (presencial ou a distância)', 'Graduação (presencial ou a distância)', 'Graduação (presencial ou a distância)', 'Graduação (presencial ou a distância)', 'Pós-graduação (lato ou stricto sensu)', 'Graduação (presencial ou a distância)', 'Graduação (presencial ou a distância)', 'Graduação (presencial ou a distância)', 'Graduação (presencial ou a distância)', 'Graduação (presencial ou a distância)', 'Graduação (presencial ou a distância)', 'Graduação (presencial ou a distância)', 'Graduação (presencial ou a distância)', 'Graduação (presencial ou a distância)', 'Graduação (presencial ou a distância)', 'Graduação (presencial ou a distância)', 'Graduação (presencial ou a distância)', 'Graduação (presencial ou a distância)', 'Graduação (presencial ou a distância)', 'Graduação (presencial ou a distância)', 'Pós-graduação (lato ou stricto sensu)', 'Graduação (presencial ou a distância)', 'Graduação (presencial ou a distância)', 'Graduação (presencial ou a distância)', 'Graduação (presencial ou a distância)', 'Graduação (presencial ou a distância)', 'Pós-graduação (lato ou stricto sensu)', 'Graduação (presencial ou a distância)', 'Graduação (presencial ou a distância)', 'Pós-graduação (lato ou stricto sensu)', 'Graduação (presencial ou a distância)', 'Graduação (presencial ou a distância)', 'Pós-graduação (lato ou stricto sensu)', 'Graduação (presencial ou a distância)', 'Graduação (presencial ou a distância)', 'Pós-graduação (lato ou stricto sensu)', 'Graduação (presencial ou a distância)', 'Graduação (presencial ou a distância)', 'Pós-graduação (lato ou stricto sensu)', 'Graduação (presencial ou a distância)', 'Graduação (presencial ou a distância)', 'Graduação (presencial ou a distância)', 'Graduação (presencial ou a distância)', 'Pós-graduação (lato ou stricto sensu)', 'Graduação (presencial ou a distância)', 'Graduação (presencial ou a distância)', 'Graduação (presencial ou a distância)', 'Graduação (presencial ou a distância)', 'Graduação (presencial ou a distância)', 'Pós-graduação (lato ou stricto sensu)', 'Graduação (presencial ou a distância)', 'Graduação (presencial ou a distância)', 'Graduação (presencial ou a distância)', 'Graduação (presencial ou a distância)', 'Graduação (presencial ou a distância)', 'Graduação (presencial ou a distância)', 'Graduação (presencial ou a distância)', 'Pós-graduação (lato ou stricto sensu)', 'Graduação (presencial ou a distância)', 'Graduação (presencial ou a distância)', 'Graduação (presencial ou a distância)', 'Graduação (presencial ou a distância)', 'Graduação (presencial ou a distância)', 'Graduação (presencial ou a distância)', 'Graduação (presencial ou a distância)', 'Graduação (presencial ou a distância)', 'Graduação (presencial ou a distância)', 'Pós-graduação (lato ou stricto sensu)', 'Graduação (presencial ou a distância)', 'Pós-graduação (lato ou stricto sensu)', 'Graduação (presencial ou a distância)', 'Pós-graduação (lato ou stricto sensu)', 'Graduação (presencial ou a distância)', 'Pós-graduação (lato ou stricto sensu)', 'Graduação (presencial ou a distância)', 'Graduação (presencial ou a distância)', 'Pós-graduação (lato ou stricto sensu)', 'Graduação (presencial ou a distância)', 'Graduação (presencial ou a distância)', 'Graduação (presencial ou a distância)', 'Graduação (presencial ou a distância)', 'Pós-graduação (lato ou stricto sensu)', 'Graduação (presencial ou a distância)', 'Graduação (presencial ou a distância)', 'Graduação (presencial ou a distância)', 'Graduação (presencial ou a distância)', 'Graduação (presencial ou a distância)', 'Graduação (presencial ou a distância)', 'Graduação (presencial ou a distância)', 'Pós-graduação (lato ou stricto sensu)', 'Graduação (presencial ou a distância)', 'Pós-graduação (lato ou stricto sensu)', 'Graduação (presencial ou a distância)', 'Graduação (presencial ou a distância)', 'Graduação (presencial ou a distância)', 'Graduação (presencial ou a distância)', 'Graduação (presencial ou a distância)', 'Graduação (presencial ou a distância)', 'Graduação (presencial ou a distância)', 'Graduação (presencial ou a distância)', 'Graduação (presencial ou a distância)', 'Graduação (presencial ou a distância)', 'Graduação (presencial ou a distância)', 'Graduação (presencial ou a distância)', 'Graduação (presencial ou a distância)', 'Pós-graduação (lato ou stricto sensu)', 'Graduação (presencial ou a distância)', 'Graduação (presencial ou a distância)', 'Graduação (presencial ou a distância)', 'Graduação (presencial ou a distância)', 'Graduação (presencial ou a distância)', 'Graduação (presencial ou a distância)', 'Graduação (presencial ou a distância)', 'Graduação (presencial ou a distância)']"
Campus,Indique o campus da UFJF no qual está estudando.,Campus,Indique o campus da UFJF no qual está estudando.,"['UFJF - campus Juiz de Fora', 'UFJF - campus Juiz de Fora', 'UFJF - campus Juiz de Fora', 'UFJF - campus Juiz de Fora', 'UFJF - campus Juiz de Fora', 'UFJF - campus Governador Valadares', 'UFJF - campus Juiz de Fora', 'UFJF - campus Juiz de Fora', 'UFJF - campus Governador Valadares', 'UFJF - campus Governador Valadares', 'UFJF - campus Juiz de Fora', 'UFJF - campus Juiz de Fora', 'UFJF - campus Juiz de Fora', 'UFJF - campus Juiz de Fora', 'UFJF - campus Governador Valadares', 'UFJF - campus Juiz de Fora', 'UFJF - campus Juiz de Fora', 'UFJF - campus Governador Valadares', 'UFJF - campus Juiz de Fora', 'UFJF - campus Governador Valadares', 'UFJF - campus Governador Valadares', 'UFJF - campus Governador Valadares', 'UFJF - campus Juiz de Fora', 'UFJF - campus Juiz de Fora', 'UFJF - campus Governador Valadares', 'UFJF - campus Juiz de Fora', 'UFJF - campus Juiz de Fora', 'UFJF - campus Juiz de Fora', 'UFJF - campus Governador Valadares', 'UFJF - campus Governador Valadares', 'UFJF - campus Juiz de Fora', 'UFJF - campus Governador Valadares', 'UFJF - campus Governador Valadares', 'UFJF - campus Juiz de Fora', 'UFJF - campus Juiz de Fora', 'UFJF - campus Governador Valadares', 'UFJF - campus Juiz de Fora', 'UFJF - campus Juiz de Fora', 'UFJF - campus Juiz de Fora', 'UFJF - campus Juiz de Fora', 'UFJF - campus Juiz de Fora', 'UFJF - campus Juiz de Fora', 'UFJF - campus Juiz de Fora', 'UFJF - Polos de EaD', 'UFJF - campus Juiz de Fora', 'UFJF - campus Juiz de Fora', 'UFJF - campus Juiz de Fora', 'UFJF - campus Juiz de Fora', 'UFJF - campus Juiz de Fora', 'UFJF - campus Juiz de Fora', 'UFJF - campus Juiz de Fora', 'UFJF - campus Juiz de Fora', 'UFJF - campus Juiz de Fora', 'UFJF - campus Governador Valadares', 'UFJF - campus Juiz de Fora', 'UFJF - campus Juiz de Fora', 'UFJF - Polos de EaD', 'UFJF - campus Juiz de Fora', 'UFJF - campus Juiz de Fora', 'UFJF - campus Governador Valadares', 'UFJF - Polos de EaD', 'UFJF - campus Governador Valadares', 'UFJF - campus Juiz de Fora', 'UFJF - Polos de EaD', 'UFJF - campus Juiz de Fora', 'UFJF - campus Juiz de Fora', 'UFJF - campus Juiz de Fora', 'UFJF - campus Governador Valadares', 'UFJF - campus Juiz de Fora', 'UFJF - campus Juiz de Fora', 'UFJF - campus Juiz de Fora', 'UFJF - campus Governador Valadares', 'UFJF - campus Juiz de Fora', 'UFJF - campus Juiz de Fora', 'UFJF - campus Juiz de Fora', 'UFJF - campus Juiz de Fora', 'UFJF - campus Juiz de Fora', 'UFJF - campus Juiz de Fora', 'UFJF - Polos de EaD', 'UFJF - campus Juiz de Fora', 'UFJF - campus Juiz de Fora', 'UFJF - campus Juiz de Fora', 'UFJF - campus Governador Valadares', 'UFJF - campus Juiz de Fora', 'UFJF - Polos de EaD', 'UFJF - campus Juiz de Fora', 'UFJF - campus Governador Valadares', 'UFJF - campus Juiz de Fora', 'UFJF - campus Juiz de Fora', 'UFJF - campus Governador Valadares', 'UFJF - campus Juiz de Fora', 'UFJF - campus Juiz de Fora', 'UFJF - campus Juiz de Fora', 'UFJF - campus Juiz de Fora', 'UFJF - campus Governador Valadares', 'UFJF - campus Juiz de Fora', 'UFJF - campus Juiz de Fora', 'UFJF - campus Juiz de Fora', 'UFJF - campus Juiz de Fora', 'UFJF - campus Juiz de Fora', 'UFJF - campus Juiz de Fora', 'UFJF - campus Juiz de Fora', 'UFJF - campus Juiz de Fora', 'UFJF - campus Juiz de Fora', 'UFJF - campus Juiz de Fora', 'UFJF - campus Juiz de Fora', 'UFJF - campus Juiz de Fora', 'UFJF - campus Juiz de Fora', 'UFJF - campus Juiz de Fora', 'UFJF - campus Juiz de Fora', 'UFJF - campus Juiz de Fora', 'UFJF - campus Governador Valadares', 'UFJF - campus Governador Valadares', 'UFJF - campus Juiz de Fora', 'UFJF - campus Juiz de Fora', 'UFJF - campus Juiz de Fora', 'UFJF - campus Juiz de Fora', 'UFJF - campus Juiz de Fora', 'UFJF - campus Governador Valadares', 'UFJF - campus Juiz de Fora', 'UFJF - campus Juiz de Fora', 'UFJF - campus Juiz de Fora', 'UFJF - campus Governador Valadares', 'UFJF - campus Juiz de Fora', 'UFJF - campus Juiz de Fora']"
Unidade,Selecione a Unidade em que o curso no qual está matriculado(a) se vincula.,Unidade,Selecione a Unidade em que o curso no qual está matriculado(a) se vincula.,"['ICE – Instituto de Ciências Exatas', 'IAD – Instituto de Artes e Design', 'Faculdade de Direito', 'Faculdade de Administração e Ciências Contábeis', 'Faculdade de Comunicação Social', 'Faculdade de Medicina', 'Faculdade de Educação', 'Faculdade de Direito', 'ICSA - Instituto de Ciências Sociais Aplicadas (Governador Valadares)', 'Faculdade de Direito', 'ICH – Instituto de Ciências Humanas', 'ICH – Instituto de Ciências Humanas', 'ICB – Instituto de Ciências Biológicas', 'Faculdade de Direito', 'Faculdade de Direito', 'Faculdade de Engenharia', 'Faculdade de Farmácia', 'ICV - Instituto de Ciências da Vida (Governador Valadares)', 'Faculdade de Administração e Ciências Contábeis', 'ICSA - Instituto de Ciências Sociais Aplicadas (Governador Valadares)', 'Faculdade de Farmácia', 'ICSA - Instituto de Ciências Sociais Aplicadas (Governador Valadares)', 'ICE – Instituto de Ciências Exatas', 'Faculdade de Farmácia', 'Outra', 'Outra', 'ICH – Instituto de Ciências Humanas', 'ICB – Instituto de Ciências Biológicas', 'Faculdade de Farmácia', 'ICSA - Instituto de Ciências Sociais Aplicadas (Governador Valadares)', 'Faculdade de Fisioterapia', 'ICV - Instituto de Ciências da Vida (Governador Valadares)', 'Faculdade de Direito', 'Faculdade de Engenharia', 'ICE – Instituto de Ciências Exatas', 'Faculdade de Farmácia', 'ICB – Instituto de Ciências Biológicas', 'ICE – Instituto de Ciências Exatas', 'Faculdade de Engenharia', 'ICB – Instituto de Ciências Biológicas', 'ICH – Instituto de Ciências Humanas', 'IAD – Instituto de Artes e Design', 'ICE – Instituto de Ciências Exatas', 'Faculdade de Engenharia', 'ICB – Instituto de Ciências Biológicas', 'ICH – Instituto de Ciências Humanas', 'Faculdade de Medicina', 'IAD – Instituto de Artes e Design', 'Faculdade de Farmácia', 'Outra', 'ICB – Instituto de Ciências Biológicas', 'ICH – Instituto de Ciências Humanas', 'Faculdade de Direito', 'Faculdade de Direito', 'ICE – Instituto de Ciências Exatas', 'IAD – Instituto de Artes e Design', 'CEAD - Centro de Educação a Distância', 'ICB – Instituto de Ciências Biológicas', 'ICE – Instituto de Ciências Exatas', 'ICV - Instituto de Ciências da Vida (Governador Valadares)', 'CEAD - Centro de Educação a Distância', 'ICV - Instituto de Ciências da Vida (Governador Valadares)', 'Faculdade de Fisioterapia', 'CEAD - Centro de Educação a Distância', 'ICH – Instituto de Ciências Humanas', 'ICB – Instituto de Ciências Biológicas', 'ICH – Instituto de Ciências Humanas', 'ICV - Instituto de Ciências da Vida (Governador Valadares)', 'Faculdade de Educação', 'Faculdade de Engenharia', 'Faculdade de Engenharia', 'ICV - Instituto de Ciências da Vida (Governador Valadares)', 'Faculdade de Direito', 'ICH – Instituto de Ciências Humanas', 'Faculdade de Farmácia', 'ICE – Instituto de Ciências Exatas', 'ICH – Instituto de Ciências Humanas', 'Faculdade de Medicina', 'Outra', 'IAD – Instituto de Artes e Design', 'CEAD - Centro de Educação a Distância', 'Outra', 'ICV - Instituto de Ciências da Vida (Governador Valadares)', 'Outra', 'CEAD - Centro de Educação a Distância', 'ICE – Instituto de Ciências Exatas', 'ICV - Instituto de Ciências da Vida (Governador Valadares)', 'ICH – Instituto de Ciências Humanas', 'Faculdade de Engenharia', '', '', 'Faculdade de Comunicação Social', 'Faculdade de Enfermagem', 'Faculdade de Direito', 'Faculdade de Direito', 'ICB – Instituto de Ciências Biológicas', 'Faculdade de Odontologia', 'ICB – Instituto de Ciências Biológicas', 'Faculdade de Direito', 'ICB – Instituto de Ciências Biológicas', 'Faculdade de Educação', 'Faculdade de Direito', 'Faculdade de Educação', 'Faculdade de Farmácia', 'Faculdade de Direito', 'IAD – Instituto de Artes e Design', 'Faculdade de Odontologia', 'ICH – Instituto de Ciências Humanas', 'Faculdade de Engenharia', 'Faculdade de Administração e Ciências Contábeis', 'ICH – Instituto de Ciências Humanas', 'ICV - Instituto de Ciências da Vida (Governador Valadares)', 'ICSA - Instituto de Ciências Sociais Aplicadas (Governador Valadares)', 'Faculdade de Farmácia', 'ICH – Instituto de Ciências Humanas', 'Faculdade de Engenharia', 'Faculdade de Medicina', '', 'Faculdade de Fisioterapia', 'Faculdade de Enfermagem', 'Faculdade de Farmácia', 'ICH – Instituto de Ciências Humanas', 'ICB – Instituto de Ciências Biológicas', 'Faculdade de Medicina', 'ICH – Instituto de Ciências Humanas']"
OrgCo,Os órgãos colegiados da UFJF funcionam de forma satisfatória no que se refere à:,OrgCo[DivDec],"Divulgação das decisões dos órgãos colegiados (ex: Consu, Congrad, Congregações, Colegiados de Curso, etc.).","['Não concordo nem discordo', 'Discordo', 'Discordo', 'Não concordo nem discordo', 'Concordo', 'Concordo', 'Discordo totalmente', 'Discordo', 'Não concordo nem discordo', 'Concordo totalmente', 'Concordo', 'Concordo', 'Concordo', 'Não concordo nem discordo', 'Concordo totalmente', 'Discordo', 'Não concordo nem discordo', 'Concordo', 'Discordo', 'Discordo', 'Discordo totalmente', 'Discordo totalmente', 'Discordo', 'Discordo', 'Concordo totalmente', 'Concordo totalmente', 'Concordo', 'Concordo', 'Discordo totalmente', 'Concordo totalmente', 'Discordo totalmente', 'Concordo totalmente', 'Não concordo nem discordo', 'Não sei / Não se aplica', 'Discordo', 'Discordo', 'Concordo', 'Discordo', 'Concordo totalmente', 'Discordo', 'Concordo totalmente', 'Concordo', 'Não concordo nem discordo', 'Concordo totalmente', 'Discordo totalmente', 'Discordo', 'Não concordo nem discordo', 'Concordo totalmente', 'Concordo', 'Não sei / Não se aplica', 'Concordo', 'Concordo', 'Não concordo nem discordo', 'Concordo totalmente', 'Concordo', 'Discordo', 'Concordo', 'Não concordo nem discordo', 'Não sei / Não se aplica', 'Concordo', 'Concordo totalmente', 'Não concordo nem discordo', 'Concordo', 'Concordo totalmente', 'Não concordo nem discordo', 'Discordo', 'Concordo', 'Não concordo nem discordo', 'Discordo totalmente', 'Discordo', 'Concordo', 'Concordo', 'Discordo totalmente', 'Discordo', 'Não concordo nem discordo', 'Discordo', 'Não concordo nem discordo', 'Discordo', 'Concordo totalmente', 'Não concordo nem discordo', 'Concordo', 'Concordo', 'Concordo', 'Concordo', 'Concordo totalmente', 'Não concordo nem discordo', 'Concordo', 'Discordo', 'Discordo totalmente', 'Concordo totalmente', 'Discordo', 'Discordo', 'Não concordo nem discordo', 'Concordo', 'Concordo', 'Concordo totalmente', 'Não sei / Não se aplica', 'Não sei / Não se aplica', 'Discordo', 'Concordo totalmente', 'Não concordo nem discordo', 'Não sei / Não se aplica', 'Não sei / Não se aplica', 'Discordo totalmente', 'Discordo totalmente', 'Discordo', 'Concordo', 'Concordo', 'Não concordo nem discordo', 'Concordo', 'Discordo', 'Concordo', 'Discordo totalmente', 'Não sei / Não se aplica', 'Concordo totalmente', 'Discordo totalmente', 'Não concordo nem discordo', 'Concordo', 'Concordo totalmente', 'Concordo totalmente', 'Discordo', 'Não concordo nem discordo', 'Concordo', 'Concordo totalmente', 'Concordo']"
OrgCo,Os órgãos colegiados da UFJF funcionam de forma satisfatória no que se refere à:,OrgCo[ImplDec],Implementação das decisões dos órgãos colegiados.,"['Não concordo nem discordo', 'Concordo', 'Discordo', 'Discordo totalmente', 'Concordo', 'Concordo', 'Concordo', 'Discordo', 'Discordo totalmente', 'Concordo', 'Não concordo nem discordo', 'Concordo', 'Discordo', 'Não concordo nem discordo', 'Não concordo nem discordo', 'Discordo', 'Discordo', 'Discordo', 'Discordo', 'Não concordo nem discordo', 'Concordo', 'Discordo totalmente', 'Não concordo nem discordo', 'Não concordo nem discordo', 'Concordo totalmente', 'Concordo totalmente', 'Concordo', 'Concordo', 'Discordo totalmente', 'Concordo totalmente', 'Discordo', 'Concordo totalmente', 'Não concordo nem discordo', 'Não sei / Não se aplica', 'Não concordo nem discordo', 'Não concordo nem discordo', 'Discordo', 'Não concordo nem discordo', 'Concordo', 'Discordo', 'Concordo totalmente', 'Não concordo nem discordo', 'Não concordo nem discordo', 'Concordo totalmente', 'Não concordo nem discordo', 'Concordo', 'Não concordo nem discordo', 'Concordo totalmente', 'Não concordo nem discordo', 'Não sei / Não se aplica', 'Concordo', 'Concordo', 'Não sei / Não se aplica', 'Concordo totalmente', 'Concordo', 'Discordo', 'Concordo', 'Não concordo nem discordo', 'Não sei / Não se aplica', 'Concordo', 'Concordo totalmente', 'Não concordo nem discordo', 'Concordo', 'Concordo totalmente', 'Não concordo nem discordo', 'Não concordo nem discordo', 'Não concordo nem discordo', 'Não concordo nem discordo', 'Discordo', 'Discordo', 'Concordo', 'Não sei / Não se aplica', 'Não sei / Não se aplica', 'Não concordo nem discordo', 'Não concordo nem discordo', 'Não sei / Não se aplica', 'Não concordo nem discordo', 'Discordo', 'Concordo totalmente', 'Discordo', 'Concordo', 'Discordo', 'Não concordo nem discordo', 'Concordo', 'Concordo totalmente', 'Não concordo nem discordo', 'Concordo', 'Não concordo nem discordo', 'Discordo totalmente', 'Concordo', 'Concordo', 'Discordo', 'Não concordo nem discordo', 'Concordo totalmente', 'Não concordo nem discordo', 'Concordo totalmente', 'Concordo', 'Não sei / Não se aplica', 'Não concordo nem discordo', 'Concordo', 'Não concordo nem discordo', 'Não sei / Não se aplica', 'Não sei / Não se aplica', 'Discordo totalmente', 'Discordo totalmente', 'Discordo', 'Concordo', 'Concordo', 'Não concordo nem discordo', 'Concordo', 'Discordo', 'Concordo', 'Discordo totalmente', 'Não sei / Não se aplica', 'Concordo', 'Discordo totalmente', 'Não concordo nem discordo', 'Concordo', 'Concordo totalmente', 'Concordo totalmente', 'Discordo', 'Não concordo nem discordo', 'Concordo', 'Concordo', 'Concordo']"
OrgCo,Os órgãos colegiados da UFJF funcionam de forma satisfatória no que se refere à:,OrgCo[RepOrgCol],Representatividade dos diferentes segmentos nos órgãos colegiados.,"['Não concordo nem discordo', 'Discordo', 'Não concordo nem discordo', 'Discordo totalmente', 'Concordo', 'Não concordo nem discordo', 'Discordo', 'Não concordo nem discordo', 'Discordo totalmente', 'Concordo', 'Concordo', 'Não sei / Não se aplica', 'Não sei / Não se aplica', 'Não concordo nem discordo', 'Não concordo nem discordo', 'Concordo', 'Discordo', 'Não concordo nem discordo', 'Discordo', 'Não concordo nem discordo', 'Concordo', 'Discordo totalmente', 'Concordo', 'Não concordo nem discordo', 'Concordo totalmente', 'Concordo totalmente', 'Concordo', 'Não concordo nem discordo', 'Discordo totalmente', 'Concordo totalmente', 'Não concordo nem discordo', 'Concordo totalmente', 'Não concordo nem discordo', 'Concordo', 'Não concordo nem discordo', 'Concordo', 'Não concordo nem discordo', 'Discordo', 'Concordo', 'Não concordo nem discordo', 'Concordo totalmente', 'Não concordo nem discordo', 'Não concordo nem discordo', 'Concordo totalmente', 'Não concordo nem discordo', 'Discordo', 'Não concordo nem discordo', 'Concordo totalmente', 'Discordo', 'Não sei / Não se aplica', 'Concordo', 'Concordo', 'Não sei / Não se aplica', 'Concordo totalmente', 'Concordo', 'Discordo totalmente', 'Concordo', 'Não concordo nem discordo', 'Não sei / Não se aplica', 'Concordo', 'Concordo totalmente', 'Não concordo nem discordo', 'Concordo', 'Concordo totalmente', 'Não concordo nem discordo', 'Não concordo nem discordo', 'Concordo', 'Não concordo nem discordo', 'Discordo totalmente', 'Discordo', 'Não concordo nem discordo', 'Concordo', 'Não sei / Não se aplica', 'Não concordo nem discordo', 'Não concordo nem discordo', 'Não sei / Não se aplica', 'Concordo', 'Discordo', 'Concordo totalmente', 'Não concordo nem discordo', 'Concordo', 'Não concordo nem discordo', 'Concordo', 'Concordo', 'Concordo totalmente', 'Não concordo nem discordo', 'Concordo', 'Discordo', 'Concordo totalmente', 'Concordo', 'Não concordo nem discordo', 'Discordo', 'Não concordo nem discordo', 'Não concordo nem discordo', 'Não concordo nem discordo', 'Concordo totalmente', 'Não sei / Não se aplica', 'Concordo totalmente', 'Não concordo nem discordo', 'Concordo', 'Não concordo nem discordo', 'Não sei / Não se aplica', 'Não sei / Não se aplica', 'Discordo totalmente', 'Discordo totalmente', 'Discordo', 'Concordo', 'Concordo totalmente', 'Não concordo nem discordo', 'Concordo', 'Concordo', 'Concordo', 'Discordo totalmente', 'Não sei / Não se aplica', 'Concordo', 'Discordo', 'Não concordo nem discordo', 'Concordo', 'Concordo totalmente', 'Concordo totalmente', 'Discordo', 'Não concordo nem discordo', 'Concordo', 'Concordo', 'Concordo']"
AvaliaSetores,A organização e a gestão dos seguintes setores da UFJF são satisfatórias.,AvaliaSetores[PROAE],Pró-Reitoria de Assistência Estudantil (Proae),"['Não concordo nem discordo', 'Discordo', 'Não concordo nem discordo', 'Não sei / Não se aplica', 'Concordo', 'Não sei / Não se aplica', 'Concordo', 'Concordo', 'Concordo totalmente', 'Concordo', 'Concordo', 'Concordo', 'Concordo', 'Não sei / Não se aplica', 'Concordo totalmente', 'Concordo', '', 'Concordo', 'Discordo', 'Concordo', 'Não concordo nem discordo', 'Concordo', 'Não concordo nem discordo', 'Concordo totalmente', 'Concordo totalmente', 'Concordo totalmente', 'Concordo totalmente', 'Não concordo nem discordo', 'Não sei / Não se aplica', 'Concordo totalmente', 'Concordo', 'Não sei / Não se aplica', 'Não concordo nem discordo', 'Concordo', 'Concordo', 'Concordo', 'Concordo', 'Discordo', 'Não sei / Não se aplica', 'Concordo totalmente', 'Concordo totalmente', 'Concordo', 'Concordo', 'Concordo totalmente', 'Concordo', 'Discordo', 'Não concordo nem discordo', 'Concordo', 'Concordo', 'Não sei / Não se aplica', 'Concordo', 'Concordo', 'Não sei / Não se aplica', 'Concordo totalmente', 'Concordo', 'Concordo', 'Concordo', 'Concordo', 'Não sei / Não se aplica', 'Concordo', 'Concordo totalmente', 'Não concordo nem discordo', 'Concordo totalmente', 'Concordo totalmente', 'Concordo', 'Não concordo nem discordo', 'Concordo', 'Concordo totalmente', 'Não sei / Não se aplica', 'Não sei / Não se aplica', 'Concordo totalmente', 'Concordo', 'Concordo totalmente', 'Não concordo nem discordo', 'Concordo', 'Concordo totalmente', 'Concordo', 'Concordo', 'Concordo totalmente', 'Não sei / Não se aplica', 'Concordo', 'Concordo', 'Concordo totalmente', 'Não concordo nem discordo', 'Concordo totalmente', 'Não concordo nem discordo', 'Concordo', 'Não concordo nem discordo', 'Discordo', 'Não concordo nem discordo', 'Discordo', 'Não concordo nem discordo', 'Não concordo nem discordo', 'Não sei / Não se aplica', 'Não sei / Não se aplica', 'Concordo totalmente', 'Concordo', 'Concordo totalmente', 'Não concordo nem discordo', 'Concordo', 'Não concordo nem discordo', 'Concordo', 'Não sei / Não se aplica', 'Concordo', 'Concordo totalmente', 'Concordo', 'Não sei / Não se aplica', 'Concordo', 'Não concordo nem discordo', 'Concordo', 'Concordo totalmente', 'Concordo totalmente', 'Concordo', 'Concordo totalmente', 'Não sei / Não se aplica', 'Concordo totalmente', 'Concordo', 'Concordo', 'Concordo', 'Não sei / Não se aplica', 'Não concordo nem discordo', 'Não concordo nem discordo', 'Concordo', 'Concordo totalmente', 'Concordo']"
AvaliaSetores,A organização e a gestão dos seguintes setores da UFJF são satisfatórias.,AvaliaSetores[PROPP],Pró-Reitoria de Pós-Graduação e Pesquisa (Propp),"['Não concordo nem discordo', 'Concordo', 'Não concordo nem discordo', 'Não sei / Não se aplica', 'Concordo totalmente', 'Não sei / Não se aplica', 'Concordo', 'Concordo', 'Concordo', 'Concordo', 'Concordo', 'Concordo', 'Não sei / Não se aplica', 'Não sei / Não se aplica', 'Não sei / Não se aplica', 'Concordo', 'Discordo', 'Concordo', 'Não concordo nem discordo', 'Não sei / Não se aplica', 'Concordo', 'Concordo', 'Não concordo nem discordo', 'Não sei / Não se aplica', 'Concordo totalmente', 'Concordo totalmente', 'Não sei / Não se aplica', 'Não concordo nem discordo', 'Não sei / Não se aplica', 'Concordo totalmente', 'Não concordo nem discordo', 'Não sei / Não se aplica', 'Não concordo nem discordo', 'Concordo', 'Não sei / Não se aplica', 'Concordo', 'Não concordo nem discordo', 'Concordo', 'Não sei / Não se aplica', 'Concordo', 'Concordo totalmente', 'Não sei / Não se aplica', 'Concordo', 'Concordo totalmente', 'Não sei / Não se aplica', 'Não sei / Não se aplica', 'Não concordo nem discordo', 'Concordo', 'Não sei / Não se aplica', 'Não sei / Não se aplica', 'Concordo totalmente', 'Concordo', 'Não sei / Não se aplica', 'Concordo totalmente', 'Concordo', 'Não concordo nem discordo', 'Concordo', 'Não concordo nem discordo', 'Concordo', 'Não sei / Não se aplica', 'Concordo totalmente', 'Não concordo nem discordo', 'Concordo totalmente', 'Concordo totalmente', 'Não concordo nem discordo', 'Não concordo nem discordo', 'Não sei / Não se aplica', 'Não sei / Não se aplica', 'Não concordo nem discordo', 'Não sei / Não se aplica', 'Não sei / Não se aplica', 'Não sei / Não se aplica', 'Não sei / Não se aplica', 'Concordo', 'Concordo', 'Concordo', 'Não concordo nem discordo', 'Não sei / Não se aplica', 'Concordo totalmente', 'Não sei / Não se aplica', 'Concordo', 'Não concordo nem discordo', 'Concordo', 'Não concordo nem discordo', 'Concordo totalmente', 'Concordo', 'Não sei / Não se aplica', 'Não concordo nem discordo', 'Concordo', 'Não concordo nem discordo', 'Não concordo nem discordo', 'Não concordo nem discordo', 'Não concordo nem discordo', 'Não concordo nem discordo', 'Concordo', 'Não sei / Não se aplica', 'Concordo', 'Não sei / Não se aplica', 'Discordo', 'Concordo totalmente', 'Concordo', 'Não sei / Não se aplica', 'Concordo totalmente', 'Discordo', 'Não sei / Não se aplica', 'Não sei / Não se aplica', 'Não sei / Não se aplica', 'Não sei / Não se aplica', 'Não concordo nem discordo', 'Não sei / Não se aplica', 'Concordo', 'Não sei / Não se aplica', 'Não sei / Não se aplica', 'Concordo', 'Não sei / Não se aplica', 'Não sei / Não se aplica', 'Concordo', 'Não sei / Não se aplica', 'Não sei / Não se aplica', 'Não sei / Não se aplica', 'Não concordo nem discordo', 'Não concordo nem discordo', 'Concordo', 'Não concordo nem discordo', 'Concordo']"
AvaliaSetores,A organização e a gestão dos seguintes setores da UFJF são satisfatórias.,AvaliaSetores[PRGRA],Pró-Reitoria de Graduação (Prograd),"['Não concordo nem discordo', 'Concordo', 'Não concordo nem discordo', 'Não sei / Não se aplica', 'Concordo', 'Discordo', 'Concordo', 'Concordo', 'Concordo', 'Concordo', 'Concordo', 'Concordo', 'Não sei / Não se aplica', 'Concordo', 'Concordo totalmente', 'Concordo', 'Não concordo nem discordo', 'Discordo', 'Não concordo nem discordo', 'Concordo', 'Concordo totalmente', 'Concordo', 'Não concordo nem discordo', 'Concordo totalmente', 'Concordo totalmente', 'Concordo totalmente', 'Concordo', 'Não concordo nem discordo', 'Não sei / Não se aplica', 'Concordo totalmente', 'Não concordo nem discordo', 'Não sei / Não se aplica', 'Não concordo nem discordo', 'Concordo', 'Não concordo nem discordo', 'Concordo', 'Concordo', 'Concordo', 'Concordo', 'Concordo', 'Concordo totalmente', 'Concordo totalmente', 'Concordo', 'Concordo totalmente', 'Não sei / Não se aplica', 'Concordo', 'Não concordo nem discordo', 'Concordo', 'Concordo', 'Não sei / Não se aplica', 'Concordo totalmente', 'Concordo', 'Não concordo nem discordo', 'Concordo totalmente', 'Concordo', 'Concordo', 'Concordo totalmente', 'Não concordo nem discordo', 'Concordo', 'Concordo totalmente', 'Concordo totalmente', 'Não concordo nem discordo', 'Concordo totalmente', 'Concordo totalmente', 'Concordo', 'Não concordo nem discordo', 'Concordo', 'Concordo totalmente', 'Não sei / Não se aplica', 'Concordo', 'Discordo', 'Não sei / Não se aplica', 'Concordo totalmente', 'Concordo', 'Concordo', 'Concordo', 'Não concordo nem discordo', 'Discordo', 'Concordo totalmente', 'Discordo', 'Concordo', 'Concordo', 'Não concordo nem discordo', 'Não concordo nem discordo', 'Concordo totalmente', 'Discordo', 'Concordo', 'Não concordo nem discordo', 'Concordo', 'Não concordo nem discordo', 'Discordo', 'Discordo totalmente', 'Concordo totalmente', 'Não sei / Não se aplica', 'Concordo', 'Não sei / Não se aplica', 'Concordo', 'Não sei / Não se aplica', 'Discordo', 'Concordo totalmente', 'Não concordo nem discordo', 'Não sei / Não se aplica', 'Não sei / Não se aplica', 'Discordo totalmente', 'Concordo totalmente', 'Discordo', 'Discordo', 'Concordo', 'Não concordo nem discordo', 'Concordo', 'Discordo', 'Concordo totalmente', 'Não sei / Não se aplica', 'Concordo', 'Concordo totalmente', 'Não concordo nem discordo', 'Concordo', 'Concordo', 'Concordo totalmente', 'Não concordo nem discordo', 'Não concordo nem discordo', 'Não concordo nem discordo', 'Concordo', 'Concordo', 'Concordo']"
AvaliaSetores,A organização e a gestão dos seguintes setores da UFJF são satisfatórias.,AvaliaSetores[PROEX],Pró-Reitoria de Extensão (Proex),"['Não concordo nem discordo', 'Concordo', 'Discordo totalmente', 'Não sei / Não se aplica', 'Concordo', 'Não sei / Não se aplica', 'Discordo', 'Concordo', 'Concordo', 'Concordo', 'Concordo', 'Concordo', 'Não sei / Não se aplica', 'Não sei / Não se aplica', 'Concordo totalmente', 'Concordo', 'Concordo', 'Discordo', 'Não concordo nem discordo', 'Concordo', 'Concordo', 'Concordo', 'Não concordo nem discordo', 'Concordo', 'Concordo totalmente', 'Concordo totalmente', 'Concordo', 'Não concordo nem discordo', 'Não sei / Não se aplica', 'Concordo totalmente', 'Não concordo nem discordo', 'Não sei / Não se aplica', 'Não concordo nem discordo', 'Concordo', 'Não concordo nem discordo', 'Não concordo nem discordo', 'Não sei / Não se aplica', 'Concordo totalmente', 'Concordo', 'Concordo', 'Concordo totalmente', 'Não sei / Não se aplica', 'Concordo', 'Concordo totalmente', 'Não sei / Não se aplica', 'Não sei / Não se aplica', 'Não concordo nem discordo', 'Concordo', 'Concordo', 'Não sei / Não se aplica', 'Concordo', 'Concordo', 'Não concordo nem discordo', 'Concordo totalmente', 'Concordo', 'Discordo totalmente', 'Concordo', 'Não concordo nem discordo', 'Não sei / Não se aplica', 'Concordo totalmente', 'Concordo totalmente', 'Não concordo nem discordo', 'Concordo totalmente', 'Concordo totalmente', 'Concordo', 'Não concordo nem discordo', 'Não sei / Não se aplica', 'Concordo totalmente', 'Não sei / Não se aplica', 'Concordo', 'Não concordo nem discordo', 'Não concordo nem discordo', 'Concordo totalmente', 'Concordo', 'Não concordo nem discordo', 'Concordo totalmente', 'Não concordo nem discordo', 'Discordo', 'Concordo totalmente', 'Não concordo nem discordo', 'Concordo', 'Concordo', 'Concordo', 'Concordo', 'Concordo totalmente', 'Discordo', 'Não sei / Não se aplica', 'Não concordo nem discordo', 'Discordo totalmente', 'Não concordo nem discordo', 'Não concordo nem discordo', 'Concordo', 'Não sei / Não se aplica', 'Discordo', 'Não concordo nem discordo', 'Não sei / Não se aplica', 'Concordo', 'Não sei / Não se aplica', 'Discordo', 'Concordo totalmente', 'Não concordo nem discordo', 'Concordo', 'Concordo totalmente', 'Discordo', 'Não sei / Não se aplica', 'Concordo', 'Não sei / Não se aplica', 'Concordo', 'Não concordo nem discordo', 'Não sei / Não se aplica', 'Concordo totalmente', 'Concordo totalmente', 'Não sei / Não se aplica', 'Concordo', 'Concordo totalmente', 'Concordo totalmente', 'Concordo', 'Não sei / Não se aplica', 'Concordo totalmente', 'Concordo', 'Discordo', 'Não concordo nem discordo', 'Concordo', 'Não concordo nem discordo', 'Concordo']"
AvaliaSetores,A organização e a gestão dos seguintes setores da UFJF são satisfatórias.,AvaliaSetores[PRCUL],Pró-Reitoria de Cultura (Procult),"['Não concordo nem discordo', 'Não concordo nem discordo', 'Não concordo nem discordo', 'Não sei / Não se aplica', 'Concordo totalmente', 'Não sei / Não se aplica', 'Concordo', 'Concordo', 'Não sei / Não se aplica', 'Concordo', 'Concordo', 'Concordo', 'Não sei / Não se aplica', 'Não sei / Não se aplica', 'Não sei / Não se aplica', 'Concordo', 'Concordo', 'Não concordo nem discordo', 'Não concordo nem discordo', 'Não sei / Não se aplica', 'Não concordo nem discordo', 'Concordo', 'Não concordo nem discordo', 'Não sei / Não se aplica', 'Concordo totalmente', 'Concordo totalmente', 'Não sei / Não se aplica', 'Não concordo nem discordo', 'Não sei / Não se aplica', 'Concordo totalmente', 'Não concordo nem discordo', 'Não sei / Não se aplica', 'Não concordo nem discordo', 'Concordo', 'Discordo', 'Não concordo nem discordo', 'Não sei / Não se aplica', 'Discordo', 'Não sei / Não se aplica', 'Concordo', 'Concordo totalmente', 'Não sei / Não se aplica', 'Concordo', 'Concordo totalmente', 'Não sei / Não se aplica', 'Não sei / Não se aplica', 'Não concordo nem discordo', 'Concordo', 'Discordo', 'Não sei / Não se aplica', 'Concordo totalmente', 'Concordo', 'Concordo', 'Concordo totalmente', 'Concordo', 'Não concordo nem discordo', 'Concordo', 'Não concordo nem discordo', 'Não sei / Não se aplica', 'Concordo', 'Concordo totalmente', 'Não sei / Não se aplica', 'Concordo totalmente', 'Concordo totalmente', 'Não concordo nem discordo', 'Não concordo nem discordo', 'Não sei / Não se aplica', 'Não concordo nem discordo', 'Não sei / Não se aplica', 'Concordo', 'Não concordo nem discordo', 'Não sei / Não se aplica', 'Concordo totalmente', 'Concordo', 'Não concordo nem discordo', 'Discordo', 'Não concordo nem discordo', 'Não sei / Não se aplica', 'Concordo totalmente', 'Concordo totalmente', 'Concordo', 'Concordo', 'Não concordo nem discordo', 'Não concordo nem discordo', 'Concordo totalmente', 'Não sei / Não se aplica', 'Não sei / Não se aplica', 'Concordo', 'Discordo totalmente', 'Não concordo nem discordo', 'Não concordo nem discordo', 'Concordo', 'Não sei / Não se aplica', 'Não sei / Não se aplica', 'Não concordo nem discordo', 'Não sei / Não se aplica', 'Concordo', 'Não sei / Não se aplica', 'Concordo', 'Não sei / Não se aplica', 'Não concordo nem discordo', 'Não sei / Não se aplica', 'Concordo totalmente', 'Concordo', 'Não sei / Não se aplica', 'Concordo', 'Não sei / Não se aplica', 'Concordo', 'Não concordo nem discordo', 'Não sei / Não se aplica', 'Não sei / Não se aplica', 'Concordo', 'Discordo', 'Concordo', 'Não sei / Não se aplica', 'Discordo totalmente', 'Concordo', 'Concordo', 'Concordo totalmente', 'Não sei / Não se aplica', 'Discordo', 'Não concordo nem discordo', 'Concordo', 'Não concordo nem discordo', 'Concordo']"
AvaliaSetores,A organização e a gestão dos seguintes setores da UFJF são satisfatórias.,AvaliaSetores[PROINOV],Pró-Reitoria de Inovação (Proinova),"['Não concordo nem discordo', 'Não concordo nem discordo', 'Não concordo nem discordo', 'Não sei / Não se aplica', 'Concordo', 'Não sei / Não se aplica', 'Discordo', 'Concordo', 'Concordo', 'Concordo', 'Concordo', 'Concordo', 'Não sei / Não se aplica', 'Não sei / Não se aplica', 'Concordo totalmente', 'Discordo', 'Discordo', 'Não concordo nem discordo', 'Não concordo nem discordo', 'Não sei / Não se aplica', 'Não concordo nem discordo', 'Concordo', 'Não concordo nem discordo', 'Não sei / Não se aplica', 'Concordo totalmente', 'Concordo totalmente', 'Não sei / Não se aplica', 'Não concordo nem discordo', 'Não sei / Não se aplica', 'Concordo totalmente', 'Não concordo nem discordo', 'Não sei / Não se aplica', 'Não concordo nem discordo', 'Concordo', 'Não concordo nem discordo', 'Não concordo nem discordo', 'Não sei / Não se aplica', 'Discordo', 'Não sei / Não se aplica', 'Concordo', 'Concordo totalmente', 'Não sei / Não se aplica', 'Concordo', 'Concordo totalmente', 'Não concordo nem discordo', 'Não sei / Não se aplica', 'Não concordo nem discordo', 'Não concordo nem discordo', 'Não concordo nem discordo', 'Não sei / Não se aplica', 'Concordo', 'Concordo', 'Discordo', 'Concordo totalmente', 'Concordo', '', 'Concordo', 'Não concordo nem discordo', 'Não sei / Não se aplica', 'Não sei / Não se aplica', 'Concordo totalmente', 'Não sei / Não se aplica', 'Concordo totalmente', 'Concordo totalmente', 'Não concordo nem discordo', 'Não concordo nem discordo', 'Não sei / Não se aplica', 'Não concordo nem discordo', 'Não sei / Não se aplica', 'Não sei / Não se aplica', 'Concordo', 'Não sei / Não se aplica', 'Não sei / Não se aplica', 'Concordo', 'Não concordo nem discordo', 'Discordo', 'Não concordo nem discordo', 'Não sei / Não se aplica', 'Concordo totalmente', 'Não sei / Não se aplica', 'Concordo', 'Concordo', 'Não concordo nem discordo', 'Não concordo nem discordo', 'Concordo totalmente', 'Não sei / Não se aplica', 'Não sei / Não se aplica', 'Não concordo nem discordo', 'Discordo', 'Não concordo nem discordo', 'Não concordo nem discordo', 'Não concordo nem discordo', 'Não sei / Não se aplica', 'Não sei / Não se aplica', 'Não sei / Não se aplica', 'Não sei / Não se aplica', 'Concordo', 'Não sei / Não se aplica', 'Não sei / Não se aplica', 'Não sei / Não se aplica', 'Não concordo nem discordo', 'Não sei / Não se aplica', 'Concordo totalmente', 'Concordo totalmente', 'Não sei / Não se aplica', 'Não concordo nem discordo', 'Não sei / Não se aplica', 'Concordo', 'Não concordo nem discordo', 'Não sei / Não se aplica', 'Concordo', 'Concordo totalmente', 'Não sei / Não se aplica', 'Concordo', 'Não sei / Não se aplica', 'Discordo', 'Concordo', 'Não sei / Não se aplica', 'Concordo', 'Não sei / Não se aplica', 'Não concordo nem discordo', 'Não concordo nem discordo', 'Concordo', 'Concordo', 'Concordo']"
AvaliaSetores,A organização e a gestão dos seguintes setores da UFJF são satisfatórias.,AvaliaSetores[DRI],Diretoria de Relações Internacionais (DRI),"['Não concordo nem discordo', 'Concordo', 'Não concordo nem discordo', 'Não sei / Não se aplica', 'Concordo totalmente', 'Não sei / Não se aplica', 'Concordo totalmente', 'Concordo', 'Não sei / Não se aplica', 'Concordo', 'Concordo', 'Concordo', 'Não sei / Não se aplica', 'Não sei / Não se aplica', 'Não sei / Não se aplica', 'Concordo', '', 'Não concordo nem discordo', 'Não concordo nem discordo', 'Não sei / Não se aplica', 'Concordo totalmente', 'Concordo', 'Não concordo nem discordo', 'Concordo totalmente', 'Concordo totalmente', 'Concordo totalmente', 'Não sei / Não se aplica', 'Não concordo nem discordo', 'Não sei / Não se aplica', 'Concordo totalmente', 'Não concordo nem discordo', 'Concordo totalmente', 'Não concordo nem discordo', 'Concordo', 'Não concordo nem discordo', 'Não concordo nem discordo', 'Não sei / Não se aplica', 'Não concordo nem discordo', 'Não sei / Não se aplica', 'Concordo', 'Concordo totalmente', 'Não sei / Não se aplica', 'Concordo', 'Concordo totalmente', 'Não concordo nem discordo', 'Não sei / Não se aplica', 'Não concordo nem discordo', 'Não concordo nem discordo', 'Discordo', 'Não sei / Não se aplica', 'Concordo', 'Concordo', 'Não sei / Não se aplica', 'Concordo totalmente', 'Concordo', 'Não concordo nem discordo', 'Concordo', 'Não concordo nem discordo', 'Não sei / Não se aplica', 'Não sei / Não se aplica', 'Concordo totalmente', 'Não sei / Não se aplica', 'Concordo totalmente', 'Concordo totalmente', 'Não concordo nem discordo', 'Não concordo nem discordo', 'Não sei / Não se aplica', 'Concordo', 'Concordo totalmente', 'Não sei / Não se aplica', 'Não concordo nem discordo', 'Não sei / Não se aplica', 'Concordo totalmente', 'Concordo', 'Não concordo nem discordo', 'Discordo', 'Não sei / Não se aplica', 'Concordo', 'Concordo totalmente', 'Não sei / Não se aplica', 'Concordo', 'Concordo', 'Não concordo nem discordo', 'Não concordo nem discordo', 'Concordo totalmente', 'Concordo totalmente', 'Não sei / Não se aplica', 'Não concordo nem discordo', 'Discordo', 'Não sei / Não se aplica', 'Concordo', 'Não concordo nem discordo', 'Não sei / Não se aplica', 'Não sei / Não se aplica', 'Concordo totalmente', 'Não sei / Não se aplica', 'Concordo', 'Não sei / Não se aplica', 'Concordo', 'Não sei / Não se aplica', 'Não concordo nem discordo', 'Concordo', 'Concordo totalmente', 'Concordo', 'Não sei / Não se aplica', 'Concordo', 'Não sei / Não se aplica', 'Não sei / Não se aplica', 'Não concordo nem discordo', 'Não sei / Não se aplica', 'Não sei / Não se aplica', 'Concordo', 'Não sei / Não se aplica', 'Concordo', 'Não sei / Não se aplica', 'Não concordo nem discordo', 'Concordo', 'Concordo', 'Concordo totalmente', 'Não sei / Não se aplica', 'Concordo', 'Concordo', 'Concordo', 'Não concordo nem discordo', 'Concordo']"
AvaliaSetores,A organização e a gestão dos seguintes setores da UFJF são satisfatórias.,AvaliaSetores[DIAAF],Diretoria de Ações Afirmativas (Diaaf),"['Não concordo nem discordo', 'Discordo totalmente', 'Não concordo nem discordo', 'Não sei / Não se aplica', 'Concordo totalmente', 'Não sei / Não se aplica', 'Concordo', 'Concordo', 'Não sei / Não se aplica', 'Concordo', 'Concordo', 'Concordo', 'Não sei / Não se aplica', 'Não sei / Não se aplica', 'Não sei / Não se aplica', 'Concordo', 'Não concordo nem discordo', 'Não concordo nem discordo', 'Não concordo nem discordo', 'Não sei / Não se aplica', 'Não sei / Não se aplica', 'Concordo', 'Não concordo nem discordo', 'Concordo totalmente', 'Concordo totalmente', 'Concordo totalmente', 'Não sei / Não se aplica', 'Não concordo nem discordo', 'Não sei / Não se aplica', 'Concordo totalmente', 'Não concordo nem discordo', 'Não sei / Não se aplica', 'Não concordo nem discordo', 'Concordo', 'Não concordo nem discordo', 'Não concordo nem discordo', 'Não sei / Não se aplica', 'Discordo', 'Não sei / Não se aplica', 'Concordo', 'Concordo totalmente', 'Não sei / Não se aplica', 'Concordo', 'Concordo totalmente', 'Não sei / Não se aplica', 'Não sei / Não se aplica', 'Não concordo nem discordo', 'Não concordo nem discordo', 'Não sei / Não se aplica', 'Concordo totalmente', 'Concordo', 'Concordo', 'Não sei / Não se aplica', 'Concordo totalmente', 'Concordo', 'Discordo', 'Concordo', 'Não concordo nem discordo', 'Não sei / Não se aplica', 'Não sei / Não se aplica', 'Concordo totalmente', 'Não sei / Não se aplica', 'Concordo totalmente', 'Concordo totalmente', 'Não concordo nem discordo', 'Não concordo nem discordo', 'Não sei / Não se aplica', 'Concordo', 'Concordo', 'Não sei / Não se aplica', 'Não concordo nem discordo', 'Não sei / Não se aplica', 'Não sei / Não se aplica', 'Concordo', 'Não concordo nem discordo', 'Concordo totalmente', 'Não sei / Não se aplica', 'Não sei / Não se aplica', 'Concordo totalmente', 'Não sei / Não se aplica', 'Concordo', 'Não sei / Não se aplica', 'Não concordo nem discordo', 'Não concordo nem discordo', 'Concordo totalmente', 'Não sei / Não se aplica', 'Concordo', 'Não concordo nem discordo', 'Não concordo nem discordo', 'Não concordo nem discordo', 'Discordo totalmente', 'Não concordo nem discordo', 'Não sei / Não se aplica', 'Não sei / Não se aplica', 'Não sei / Não se aplica', 'Não sei / Não se aplica', 'Concordo', 'Não sei / Não se aplica', 'Não sei / Não se aplica', 'Não sei / Não se aplica', 'Não concordo nem discordo', 'Não sei / Não se aplica', 'Concordo totalmente', 'Concordo', 'Discordo', 'Não concordo nem discordo', 'Não concordo nem discordo', 'Não sei / Não se aplica', 'Não concordo nem discordo', 'Não sei / Não se aplica', 'Concordo totalmente', 'Concordo', 'Não sei / Não se aplica', 'Concordo totalmente', 'Não sei / Não se aplica', 'Não concordo nem discordo', 'Concordo', 'Não sei / Não se aplica', 'Concordo totalmente', 'Não sei / Não se aplica', 'Discordo', 'Não concordo nem discordo', 'Concordo', 'Não concordo nem discordo', 'Concordo']"
AvaliaSetores,A organização e a gestão dos seguintes setores da UFJF são satisfatórias.,AvaliaSetores[COORD],Coordenação de curso de graduação ou de programa de pós-graduação,"['Concordo totalmente', 'Não concordo nem discordo', 'Não concordo nem discordo', 'Não sei / Não se aplica', 'Concordo totalmente', 'Discordo totalmente', 'Concordo', 'Discordo', 'Não sei / Não se aplica', 'Concordo', 'Concordo', 'Concordo', 'Não sei / Não se aplica', 'Discordo', 'Concordo', 'Concordo', 'Concordo totalmente', 'Discordo', 'Concordo', 'Concordo', 'Discordo totalmente', 'Concordo', 'Não concordo nem discordo', 'Concordo totalmente', 'Concordo totalmente', 'Concordo totalmente', 'Concordo', 'Não concordo nem discordo', 'Concordo', 'Concordo totalmente', 'Não concordo nem discordo', 'Concordo totalmente', 'Discordo', 'Concordo', 'Não concordo nem discordo', 'Concordo', 'Discordo', 'Discordo', 'Não sei / Não se aplica', 'Concordo totalmente', 'Concordo totalmente', 'Concordo', 'Concordo', 'Concordo totalmente', 'Discordo', 'Discordo totalmente', 'Não concordo nem discordo', 'Concordo', 'Concordo totalmente', 'Concordo', 'Concordo', 'Concordo', 'Concordo totalmente', 'Concordo totalmente', 'Concordo', 'Não concordo nem discordo', 'Concordo totalmente', 'Não concordo nem discordo', 'Concordo', 'Concordo totalmente', 'Concordo totalmente', 'Não sei / Não se aplica', 'Concordo totalmente', 'Concordo totalmente', 'Concordo', 'Não concordo nem discordo', 'Não concordo nem discordo', 'Concordo', 'Discordo', 'Concordo', 'Discordo', 'Não sei / Não se aplica', 'Concordo totalmente', 'Concordo', 'Não concordo nem discordo', 'Concordo totalmente', 'Concordo', 'Discordo', 'Concordo totalmente', 'Concordo totalmente', 'Concordo', 'Concordo totalmente', 'Concordo', 'Concordo', 'Concordo totalmente', 'Discordo', 'Concordo', 'Concordo totalmente', 'Não sei / Não se aplica', 'Não concordo nem discordo', 'Discordo', 'Discordo totalmente', 'Discordo totalmente', 'Não sei / Não se aplica', 'Discordo', 'Concordo totalmente', 'Concordo', 'Não sei / Não se aplica', 'Concordo', 'Concordo', 'Concordo', 'Não sei / Não se aplica', 'Concordo totalmente', 'Concordo totalmente', 'Concordo totalmente', 'Não sei / Não se aplica', 'Não concordo nem discordo', 'Concordo', 'Não concordo nem discordo', 'Não sei / Não se aplica', 'Discordo totalmente', 'Concordo totalmente', 'Discordo', 'Concordo totalmente', 'Discordo', 'Não concordo nem discordo', 'Concordo', 'Concordo', 'Concordo totalmente', 'Concordo', 'Concordo', 'Discordo totalmente', 'Concordo', 'Não concordo nem discordo', 'Discordo']"
AvaliaSetores,A organização e a gestão dos seguintes setores da UFJF são satisfatórias.,AvaliaSetores[OUVID],Ouvidoria,"['Concordo', 'Discordo', 'Não concordo nem discordo', 'Não sei / Não se aplica', 'Não sei / Não se aplica', 'Discordo', 'Concordo totalmente', 'Discordo', 'Não sei / Não se aplica', 'Concordo', 'Concordo', 'Concordo', 'Não sei / Não se aplica', 'Concordo totalmente', 'Não sei / Não se aplica', 'Discordo', 'Concordo', 'Não concordo nem discordo', 'Não concordo nem discordo', 'Não sei / Não se aplica', 'Discordo totalmente', 'Concordo', 'Não concordo nem discordo', 'Não sei / Não se aplica', 'Concordo', 'Concordo totalmente', 'Não sei / Não se aplica', 'Não concordo nem discordo', 'Concordo', 'Concordo totalmente', 'Concordo', 'Não sei / Não se aplica', 'Discordo', 'Concordo', 'Não concordo nem discordo', 'Concordo', 'Não sei / Não se aplica', 'Discordo', 'Não sei / Não se aplica', 'Concordo', 'Concordo totalmente', 'Concordo totalmente', 'Concordo', 'Concordo totalmente', 'Não sei / Não se aplica', 'Não sei / Não se aplica', 'Não concordo nem discordo', 'Concordo', 'Não sei / Não se aplica', 'Não sei / Não se aplica', 'Concordo totalmente', 'Concordo', 'Não sei / Não se aplica', 'Concordo totalmente', 'Concordo', 'Concordo', 'Concordo', 'Não concordo nem discordo', 'Não sei / Não se aplica', 'Concordo', 'Concordo totalmente', 'Não sei / Não se aplica', 'Concordo totalmente', 'Concordo totalmente', 'Não concordo nem discordo', 'Não concordo nem discordo', 'Concordo', 'Concordo', 'Discordo', 'Não sei / Não se aplica', 'Concordo', 'Não sei / Não se aplica', 'Não sei / Não se aplica', 'Não concordo nem discordo', 'Não concordo nem discordo', 'Concordo totalmente', 'Concordo', 'Discordo', 'Concordo totalmente', 'Não concordo nem discordo', 'Concordo', 'Não concordo nem discordo', 'Não concordo nem discordo', 'Discordo', 'Concordo totalmente', 'Não sei / Não se aplica', 'Concordo', 'Não concordo nem discordo', 'Discordo', 'Não concordo nem discordo', 'Discordo totalmente', 'Não concordo nem discordo', 'Concordo totalmente', 'Não sei / Não se aplica', 'Não sei / Não se aplica', 'Não sei / Não se aplica', 'Concordo', 'Concordo', 'Não concordo nem discordo', 'Não sei / Não se aplica', 'Não concordo nem discordo', 'Não sei / Não se aplica', 'Concordo totalmente', 'Discordo', 'Concordo totalmente', 'Não sei / Não se aplica', 'Não sei / Não se aplica', 'Concordo', 'Não concordo nem discordo', 'Concordo totalmente', 'Concordo totalmente', 'Concordo', 'Não sei / Não se aplica', 'Concordo', 'Concordo totalmente', 'Discordo totalmente', 'Concordo', 'Não sei / Não se aplica', 'Concordo totalmente', 'Não sei / Não se aplica', 'Não concordo nem discordo', 'Discordo totalmente', 'Concordo', 'Não concordo nem discordo', 'Concordo']"
AvaliaSetores,A organização e a gestão dos seguintes setores da UFJF são satisfatórias.,AvaliaSetores[CATEND],Central de Atendimento,"['Discordo', 'Discordo', 'Concordo', 'Não sei / Não se aplica', 'Concordo', 'Discordo', 'Concordo', 'Concordo', 'Não sei / Não se aplica', 'Concordo', 'Concordo', 'Concordo', 'Não concordo nem discordo', 'Não sei / Não se aplica', 'Concordo', 'Concordo', 'Concordo', 'Não concordo nem discordo', 'Concordo', 'Não sei / Não se aplica', 'Discordo totalmente', 'Concordo', 'Não concordo nem discordo', 'Não sei / Não se aplica', 'Concordo totalmente', 'Concordo totalmente', 'Concordo totalmente', 'Não concordo nem discordo', 'Concordo', 'Concordo totalmente', 'Concordo', 'Concordo totalmente', 'Discordo', 'Concordo', 'Não concordo nem discordo', 'Concordo', 'Não sei / Não se aplica', 'Discordo', 'Concordo totalmente', 'Não concordo nem discordo', 'Concordo totalmente', 'Concordo totalmente', 'Concordo', 'Concordo totalmente', 'Não sei / Não se aplica', 'Concordo', 'Não concordo nem discordo', 'Concordo totalmente', 'Não concordo nem discordo', 'Não sei / Não se aplica', 'Concordo totalmente', 'Concordo', 'Concordo', 'Concordo totalmente', 'Concordo', 'Concordo', 'Concordo', 'Não concordo nem discordo', 'Concordo', 'Concordo', 'Concordo totalmente', 'Não sei / Não se aplica', 'Concordo totalmente', 'Concordo totalmente', 'Não concordo nem discordo', 'Não concordo nem discordo', 'Concordo', 'Concordo', 'Não concordo nem discordo', 'Não sei / Não se aplica', 'Concordo', 'Não concordo nem discordo', 'Concordo totalmente', 'Discordo', 'Não concordo nem discordo', 'Concordo totalmente', 'Concordo totalmente', 'Discordo', 'Concordo totalmente', 'Discordo', 'Concordo', 'Não concordo nem discordo', 'Concordo', 'Não concordo nem discordo', 'Concordo totalmente', 'Não sei / Não se aplica', 'Concordo', 'Concordo totalmente', 'Discordo', 'Discordo', 'Não sei / Não se aplica', 'Não concordo nem discordo', 'Concordo totalmente', 'Não sei / Não se aplica', 'Concordo totalmente', 'Não sei / Não se aplica', 'Concordo', 'Concordo totalmente', 'Não sei / Não se aplica', 'Concordo totalmente', 'Concordo', 'Concordo', 'Concordo totalmente', 'Discordo totalmente', 'Concordo totalmente', 'Não sei / Não se aplica', 'Não sei / Não se aplica', 'Concordo totalmente', 'Não concordo nem discordo', 'Concordo', 'Concordo totalmente', 'Concordo', 'Não sei / Não se aplica', 'Não sei / Não se aplica', 'Concordo totalmente', 'Discordo totalmente', 'Concordo', 'Não sei / Não se aplica', 'Concordo totalmente', 'Não sei / Não se aplica', 'Não concordo nem discordo', 'Discordo totalmente', 'Concordo', 'Concordo', 'Concordo']"
EstReg,Considero que o Estatuto e o Regimento Geral da UFJF regulamentam o funcionamento da Instituição de forma apropriada.,EstReg,Considero que o Estatuto e o Regimento Geral da UFJF regulamentam o funcionamento da Instituição de forma apropriada.,"['Discordo', 'Concordo', 'Concordo', 'Concordo', 'Concordo totalmente', 'Discordo', 'Discordo', 'Não concordo nem discordo', 'Concordo totalmente', 'Não concordo nem discordo', 'Discordo', 'Concordo', 'Concordo', 'Discordo', 'Concordo totalmente', 'Concordo', 'Discordo', 'Concordo', 'Concordo', 'Concordo', 'Não concordo nem discordo', 'Discordo', 'Concordo', 'Não concordo nem discordo', 'Concordo totalmente', 'Concordo', 'Concordo', 'Concordo', 'Discordo', 'Concordo totalmente', 'Discordo', 'Concordo totalmente', 'Discordo', 'Concordo', 'Concordo', 'Concordo', 'Discordo totalmente', 'Não sei / Não se aplica', 'Concordo totalmente', 'Concordo', 'Concordo totalmente', 'Concordo totalmente', 'Não concordo nem discordo', 'Concordo totalmente', 'Concordo', 'Discordo', 'Não concordo nem discordo', 'Concordo totalmente', 'Não concordo nem discordo', 'Não concordo nem discordo', 'Concordo totalmente', 'Concordo', 'Não sei / Não se aplica', 'Concordo totalmente', 'Concordo', 'Discordo', 'Concordo', 'Não concordo nem discordo', 'Concordo', 'Concordo', 'Concordo totalmente', 'Não concordo nem discordo', 'Concordo totalmente', 'Concordo totalmente', 'Concordo', 'Concordo totalmente', 'Concordo', 'Discordo', 'Não concordo nem discordo', 'Concordo', 'Concordo', 'Não concordo nem discordo', 'Não sei / Não se aplica', 'Concordo', 'Não concordo nem discordo', 'Discordo', 'Não concordo nem discordo', 'Discordo', 'Concordo totalmente', 'Discordo', 'Concordo', 'Concordo', 'Concordo totalmente', 'Não concordo nem discordo', 'Concordo totalmente', 'Concordo', 'Discordo totalmente', 'Concordo', 'Discordo', 'Concordo', 'Concordo', 'Concordo', 'Concordo', 'Concordo', 'Discordo', 'Não sei / Não se aplica', 'Concordo', 'Não sei / Não se aplica', 'Concordo', 'Concordo totalmente', 'Não concordo nem discordo', 'Concordo', 'Concordo totalmente', 'Discordo totalmente', 'Discordo', 'Concordo', 'Concordo', 'Discordo', 'Não concordo nem discordo', 'Concordo', 'Concordo', 'Concordo totalmente', 'Discordo', 'Discordo totalmente', 'Discordo', 'Concordo', 'Concordo', 'Concordo', 'Concordo totalmente', 'Concordo', 'Concordo', 'Não concordo nem discordo', 'Não concordo nem discordo', 'Discordo', 'Discordo totalmente']"
RAGRI,"Conheço o teor do Regulamento Acadêmico da Graduação (RAG) - ou, no caso de estudante da pós-graduação, o Regimento Geral do Programa no qual estou matriculado - e o considero adequado.",RAGRI,"Conheço o teor do Regulamento Acadêmico da Graduação (RAG) - ou, no caso de estudante da pós-graduação, o Regimento Geral do Programa no qual estou matriculado - e o considero adequado.","['Discordo', 'Concordo', 'Concordo totalmente', 'Concordo', 'Concordo totalmente', 'Discordo', 'Concordo', 'Concordo', 'Concordo totalmente', 'Não concordo nem discordo', 'Concordo', 'Concordo', 'Discordo', 'Concordo totalmente', 'Concordo totalmente', 'Concordo', 'Não concordo nem discordo', 'Concordo', 'Discordo', 'Concordo totalmente', 'Concordo', 'Concordo totalmente', 'Discordo', 'Concordo', 'Concordo totalmente', 'Não concordo nem discordo', 'Concordo', 'Concordo', 'Não concordo nem discordo', 'Concordo totalmente', 'Concordo', 'Concordo totalmente', 'Concordo', 'Não sei / Não se aplica', 'Concordo', 'Concordo', 'Discordo totalmente', 'Não concordo nem discordo', 'Concordo', 'Concordo', 'Concordo totalmente', 'Concordo', 'Não concordo nem discordo', 'Concordo totalmente', 'Concordo totalmente', 'Não concordo nem discordo', 'Não concordo nem discordo', 'Concordo totalmente', 'Concordo', 'Concordo totalmente', 'Concordo totalmente', 'Concordo', 'Concordo', 'Concordo totalmente', 'Concordo', 'Concordo totalmente', 'Concordo', 'Concordo', 'Concordo totalmente', 'Concordo totalmente', 'Concordo', 'Concordo totalmente', 'Concordo totalmente', 'Concordo totalmente', 'Concordo totalmente', 'Concordo totalmente', 'Concordo', 'Concordo', 'Não sei / Não se aplica', 'Concordo', 'Concordo', 'Concordo totalmente', 'Concordo totalmente', 'Concordo', 'Discordo', 'Concordo totalmente', 'Não concordo nem discordo', 'Concordo', 'Concordo totalmente', 'Discordo totalmente', 'Concordo', 'Concordo', 'Concordo', 'Não concordo nem discordo', 'Concordo totalmente', 'Concordo', 'Concordo', 'Concordo totalmente', 'Concordo', 'Concordo', 'Concordo', 'Concordo', 'Não concordo nem discordo', 'Discordo', 'Concordo totalmente', 'Não sei / Não se aplica', 'Concordo', 'Concordo totalmente', 'Concordo', 'Concordo totalmente', 'Concordo', 'Concordo', 'Concordo totalmente', 'Discordo', 'Discordo', 'Concordo', 'Concordo', 'Concordo', 'Não concordo nem discordo', 'Concordo', 'Concordo', 'Concordo', 'Discordo', 'Concordo totalmente', 'Concordo', 'Discordo', 'Concordo', 'Discordo', 'Concordo totalmente', 'Concordo totalmente', 'Concordo', 'Não concordo nem discordo', 'Concordo', 'Não concordo nem discordo', 'Discordo totalmente']"
CPA,"Tenho conhecimento das atividades desenvolvidas pela Comissão Própria de Avaliação (CPA) - no caso de servidor(a) do campus avançado de GV, da Comissão Setorial Própria de Avaliação (CSPA).",CPA,"Tenho conhecimento das atividades desenvolvidas pela Comissão Própria de Avaliação (CPA) - no caso de servidor(a) do campus avançado de GV, da Comissão Setorial Própria de Avaliação (CSPA).","['Não concordo nem discordo', 'Discordo totalmente', 'Discordo totalmente', 'Discordo', 'Não concordo nem discordo', 'Não concordo nem discordo', 'Discordo', 'Não concordo nem discordo', 'Não concordo nem discordo', 'Discordo totalmente', 'Não concordo nem discordo', 'Concordo', 'Discordo totalmente', 'Discordo totalmente', 'Não concordo nem discordo', 'Discordo', 'Não concordo nem discordo', 'Não concordo nem discordo', 'Discordo totalmente', 'Discordo', 'Não concordo nem discordo', 'Discordo', 'Discordo totalmente', 'Não concordo nem discordo', 'Concordo', 'Discordo', 'Concordo', 'Discordo totalmente', 'Discordo totalmente', 'Não concordo nem discordo', 'Não concordo nem discordo', 'Concordo', 'Discordo totalmente', 'Não concordo nem discordo', 'Discordo', 'Não concordo nem discordo', 'Discordo', 'Não concordo nem discordo', 'Discordo totalmente', 'Não concordo nem discordo', 'Concordo totalmente', 'Discordo', 'Discordo', 'Concordo totalmente', 'Discordo totalmente', 'Discordo', 'Concordo', 'Concordo', 'Não concordo nem discordo', 'Discordo totalmente', 'Concordo', 'Concordo', 'Discordo totalmente', 'Concordo', 'Concordo', 'Discordo totalmente', 'Não concordo nem discordo', 'Discordo', 'Discordo totalmente', 'Concordo', 'Concordo totalmente', 'Discordo', 'Concordo', 'Concordo', 'Não concordo nem discordo', 'Discordo totalmente', 'Não concordo nem discordo', 'Não concordo nem discordo', 'Não concordo nem discordo', 'Discordo', 'Discordo', 'Não concordo nem discordo', 'Discordo totalmente', 'Discordo', 'Não concordo nem discordo', 'Discordo totalmente', 'Discordo totalmente', 'Discordo totalmente', 'Discordo', 'Discordo', 'Concordo', 'Concordo', 'Discordo totalmente', 'Não concordo nem discordo', 'Concordo totalmente', 'Discordo', 'Discordo totalmente', 'Discordo totalmente', 'Concordo', 'Não concordo nem discordo', 'Discordo', 'Não concordo nem discordo', 'Discordo totalmente', 'Não concordo nem discordo', 'Concordo', 'Concordo totalmente', 'Concordo', 'Concordo totalmente', 'Discordo totalmente', 'Concordo', 'Não concordo nem discordo', 'Não concordo nem discordo', 'Concordo', 'Discordo totalmente', 'Não concordo nem discordo', 'Discordo totalmente', 'Discordo', 'Discordo', 'Não concordo nem discordo', 'Não concordo nem discordo', 'Discordo', 'Concordo', 'Discordo totalmente', 'Não concordo nem discordo', 'Discordo totalmente', 'Não concordo nem discordo', 'Concordo', 'Discordo', 'Discordo totalmente', 'Não concordo nem discordo', 'Não concordo nem discordo', 'Não concordo nem discordo', 'Concordo', 'Não concordo nem discordo', 'Concordo totalmente']"
AplRF,A aplicação dos recursos financeiros da UFJF é satisfatória quanto à (ao):,AplRF[DAtEn],Desenvolvimento das atividades de ensino.,"['Não concordo nem discordo', 'Concordo', 'Discordo totalmente', 'Não sei / Não se aplica', 'Concordo', 'Não concordo nem discordo', 'Concordo', 'Concordo', 'Discordo', 'Não concordo nem discordo', 'Não concordo nem discordo', 'Concordo', 'Concordo', 'Discordo', 'Concordo totalmente', 'Discordo', 'Discordo', 'Discordo', 'Discordo', 'Concordo', 'Concordo totalmente', 'Não concordo nem discordo', 'Não concordo nem discordo', 'Concordo totalmente', 'Não concordo nem discordo', 'Concordo totalmente', 'Concordo totalmente', 'Não concordo nem discordo', 'Discordo totalmente', 'Concordo totalmente', 'Concordo', 'Concordo', 'Não concordo nem discordo', 'Concordo', 'Concordo', 'Concordo', 'Não sei / Não se aplica', 'Concordo', 'Não concordo nem discordo', 'Concordo', 'Concordo totalmente', 'Concordo totalmente', 'Não concordo nem discordo', 'Concordo totalmente', 'Não sei / Não se aplica', 'Não sei / Não se aplica', 'Concordo', 'Concordo', 'Concordo', 'Não sei / Não se aplica', 'Concordo totalmente', 'Concordo', 'Concordo', 'Concordo', 'Concordo', 'Discordo', 'Concordo', 'Não concordo nem discordo', 'Não concordo nem discordo', 'Concordo totalmente', 'Concordo totalmente', 'Discordo', 'Discordo', 'Concordo totalmente', 'Concordo', 'Não concordo nem discordo', 'Não sei / Não se aplica', 'Não concordo nem discordo', 'Discordo', 'Concordo', 'Concordo', 'Não concordo nem discordo', 'Concordo totalmente', 'Concordo', 'Concordo', 'Concordo totalmente', 'Não sei / Não se aplica', 'Discordo', 'Concordo totalmente', 'Discordo', 'Concordo', 'Concordo totalmente', 'Não sei / Não se aplica', 'Não concordo nem discordo', 'Concordo totalmente', 'Não concordo nem discordo', 'Discordo totalmente', 'Concordo totalmente', 'Discordo', 'Não concordo nem discordo', 'Discordo totalmente', 'Discordo', 'Concordo', 'Não concordo nem discordo', 'Concordo', 'Concordo totalmente', 'Concordo', 'Não concordo nem discordo', 'Discordo', 'Concordo totalmente', 'Não concordo nem discordo', 'Não sei / Não se aplica', 'Concordo', 'Discordo totalmente', 'Discordo', 'Discordo totalmente', 'Concordo', 'Concordo', 'Discordo', 'Concordo', 'Não concordo nem discordo', 'Concordo totalmente', 'Discordo totalmente', 'Concordo totalmente', 'Concordo totalmente', 'Discordo', 'Concordo', 'Discordo', 'Não concordo nem discordo', 'Concordo', 'Concordo totalmente', 'Concordo', 'Concordo', 'Concordo totalmente', 'Concordo']"
AplRF,A aplicação dos recursos financeiros da UFJF é satisfatória quanto à (ao):,AplRF[DAtPe],Desenvolvimento das atividades de pesquisa.,"['Discordo', 'Concordo', 'Concordo', 'Não sei / Não se aplica', 'Concordo totalmente', 'Concordo', 'Concordo', 'Discordo', 'Discordo', 'Não concordo nem discordo', 'Não concordo nem discordo', 'Concordo', 'Discordo totalmente', 'Discordo', 'Concordo', 'Discordo', 'Discordo', 'Discordo', 'Não concordo nem discordo', 'Não concordo nem discordo', 'Concordo totalmente', 'Não concordo nem discordo', 'Não concordo nem discordo', 'Discordo', 'Não concordo nem discordo', 'Concordo totalmente', 'Concordo totalmente', 'Não concordo nem discordo', 'Discordo totalmente', 'Concordo totalmente', 'Concordo', 'Não concordo nem discordo', 'Concordo', 'Concordo', 'Concordo', 'Não concordo nem discordo', 'Não sei / Não se aplica', 'Concordo', 'Discordo', 'Discordo', 'Concordo totalmente', 'Concordo totalmente', 'Concordo', 'Concordo totalmente', 'Não sei / Não se aplica', 'Não sei / Não se aplica', 'Discordo', 'Concordo', 'Concordo', 'Concordo', 'Concordo totalmente', 'Concordo', 'Discordo', 'Discordo totalmente', 'Concordo', 'Discordo', 'Concordo', 'Não concordo nem discordo', 'Não concordo nem discordo', 'Concordo', 'Concordo totalmente', 'Discordo', 'Discordo', 'Concordo totalmente', 'Discordo', 'Não concordo nem discordo', 'Concordo', 'Não concordo nem discordo', 'Discordo totalmente', 'Concordo', 'Concordo', 'Não concordo nem discordo', 'Concordo totalmente', 'Concordo', 'Concordo', 'Concordo totalmente', 'Não sei / Não se aplica', 'Discordo totalmente', 'Concordo totalmente', 'Discordo', 'Concordo', 'Concordo totalmente', 'Concordo', 'Não concordo nem discordo', 'Concordo totalmente', 'Concordo', 'Discordo totalmente', 'Concordo', 'Concordo', 'Não concordo nem discordo', 'Discordo totalmente', 'Concordo', 'Não concordo nem discordo', 'Concordo', 'Concordo', 'Concordo totalmente', 'Concordo', 'Não concordo nem discordo', 'Discordo', 'Concordo totalmente', 'Não concordo nem discordo', 'Não sei / Não se aplica', 'Concordo totalmente', 'Discordo totalmente', 'Discordo', 'Discordo totalmente', 'Concordo totalmente', 'Concordo', 'Não sei / Não se aplica', 'Concordo', 'Concordo totalmente', 'Concordo', 'Discordo totalmente', 'Concordo totalmente', 'Discordo', 'Concordo', 'Concordo', 'Não sei / Não se aplica', 'Concordo totalmente', 'Concordo', 'Concordo', 'Concordo', 'Não concordo nem discordo', 'Concordo totalmente', 'Concordo']"
AplRF,A aplicação dos recursos financeiros da UFJF é satisfatória quanto à (ao):,AplRF[DAtEx],Desenvolvimento das atividades de extensão.,"['Discordo', 'Discordo', 'Discordo totalmente', 'Não sei / Não se aplica', 'Concordo totalmente', 'Não concordo nem discordo', 'Discordo', 'Discordo', 'Discordo', 'Não concordo nem discordo', 'Não concordo nem discordo', 'Concordo', 'Não concordo nem discordo', 'Discordo totalmente', 'Concordo', 'Discordo', 'Não concordo nem discordo', 'Discordo', 'Não concordo nem discordo', 'Concordo', 'Concordo totalmente', 'Não concordo nem discordo', 'Não concordo nem discordo', 'Discordo', 'Discordo', 'Concordo totalmente', 'Concordo totalmente', 'Não concordo nem discordo', 'Discordo totalmente', 'Concordo totalmente', 'Concordo', 'Não sei / Não se aplica', 'Concordo', 'Não sei / Não se aplica', 'Concordo', 'Não concordo nem discordo', 'Não sei / Não se aplica', 'Concordo totalmente', 'Discordo', 'Concordo', 'Concordo totalmente', 'Concordo', 'Concordo', 'Concordo totalmente', 'Não sei / Não se aplica', 'Não sei / Não se aplica', 'Discordo', 'Concordo', 'Concordo', 'Não sei / Não se aplica', 'Discordo', 'Não concordo nem discordo', 'Discordo', 'Discordo totalmente', 'Concordo', 'Discordo totalmente', 'Concordo', 'Não concordo nem discordo', 'Não concordo nem discordo', 'Concordo', 'Concordo totalmente', 'Discordo', 'Discordo', 'Concordo totalmente', 'Discordo', 'Não concordo nem discordo', 'Não concordo nem discordo', 'Não concordo nem discordo', 'Não concordo nem discordo', 'Concordo', 'Concordo', 'Não concordo nem discordo', 'Concordo totalmente', 'Concordo', 'Concordo', 'Concordo totalmente', 'Não sei / Não se aplica', 'Discordo totalmente', 'Concordo totalmente', 'Discordo', 'Concordo', 'Concordo totalmente', 'Concordo', 'Não concordo nem discordo', 'Concordo totalmente', 'Discordo', 'Discordo totalmente', 'Não concordo nem discordo', 'Concordo', 'Não concordo nem discordo', 'Concordo totalmente', 'Concordo', 'Não concordo nem discordo', 'Discordo', 'Concordo', 'Concordo totalmente', 'Concordo', 'Concordo', 'Discordo', 'Concordo totalmente', 'Não concordo nem discordo', 'Não sei / Não se aplica', 'Concordo totalmente', 'Discordo totalmente', 'Concordo', 'Discordo totalmente', 'Concordo', 'Concordo', 'Não concordo nem discordo', 'Concordo', 'Não concordo nem discordo', 'Concordo', 'Discordo totalmente', 'Concordo totalmente', 'Discordo', 'Concordo', 'Concordo', 'Não sei / Não se aplica', 'Concordo totalmente', 'Concordo', 'Não concordo nem discordo', 'Concordo', 'Concordo', 'Concordo totalmente', 'Concordo']"
AplRF,A aplicação dos recursos financeiros da UFJF é satisfatória quanto à (ao):,AplRF[DAtInov],Desenvolvimento de ações de inovação.,"['Não concordo nem discordo', 'Discordo', 'Discordo', 'Não sei / Não se aplica', 'Não concordo nem discordo', 'Não concordo nem discordo', 'Não concordo nem discordo', 'Discordo', 'Discordo', 'Não concordo nem discordo', 'Concordo', 'Concordo', 'Discordo', 'Discordo', 'Concordo', 'Não concordo nem discordo', 'Não concordo nem discordo', 'Discordo', 'Não concordo nem discordo', 'Não concordo nem discordo', 'Concordo totalmente', 'Não concordo nem discordo', 'Não concordo nem discordo', 'Não concordo nem discordo', 'Discordo', 'Concordo totalmente', 'Concordo totalmente', 'Não concordo nem discordo', 'Discordo totalmente', 'Concordo totalmente', 'Discordo', 'Não concordo nem discordo', 'Não concordo nem discordo', 'Concordo', 'Concordo', 'Não concordo nem discordo', 'Não sei / Não se aplica', 'Discordo', 'Discordo', 'Concordo', 'Concordo totalmente', 'Não sei / Não se aplica', 'Não concordo nem discordo', 'Concordo totalmente', 'Não sei / Não se aplica', 'Não sei / Não se aplica', 'Discordo', 'Concordo', 'Não concordo nem discordo', 'Não sei / Não se aplica', 'Concordo', 'Não concordo nem discordo', 'Discordo totalmente', 'Discordo totalmente', 'Concordo', 'Discordo', 'Concordo', 'Discordo', 'Não concordo nem discordo', 'Concordo', 'Concordo totalmente', 'Discordo', 'Discordo', 'Concordo totalmente', 'Discordo', 'Não concordo nem discordo', 'Concordo', 'Não concordo nem discordo', 'Discordo totalmente', 'Concordo', 'Concordo', 'Não concordo nem discordo', 'Concordo totalmente', 'Concordo', 'Concordo', 'Discordo', 'Não sei / Não se aplica', 'Discordo', 'Concordo totalmente', 'Não sei / Não se aplica', 'Concordo', 'Concordo totalmente', 'Não concordo nem discordo', 'Não concordo nem discordo', 'Concordo totalmente', 'Não concordo nem discordo', 'Discordo totalmente', 'Não concordo nem discordo', 'Concordo', 'Não concordo nem discordo', 'Discordo', 'Discordo', 'Concordo', 'Não sei / Não se aplica', 'Não concordo nem discordo', 'Não concordo nem discordo', 'Concordo', 'Concordo', 'Concordo', 'Concordo totalmente', 'Não concordo nem discordo', 'Não sei / Não se aplica', 'Concordo totalmente', 'Discordo totalmente', 'Não concordo nem discordo', 'Discordo', 'Concordo', 'Não concordo nem discordo', 'Não concordo nem discordo', 'Concordo', 'Concordo totalmente', 'Concordo', 'Discordo totalmente', 'Concordo totalmente', 'Não concordo nem discordo', 'Não concordo nem discordo', 'Concordo', 'Discordo', 'Concordo totalmente', 'Concordo', 'Discordo', 'Concordo', 'Concordo', 'Concordo totalmente', 'Concordo']"
AplRF,A aplicação dos recursos financeiros da UFJF é satisfatória quanto à (ao):,AplRF[AqEqi],Aquisição de equipamentos e insumos.,"['Discordo totalmente', 'Concordo', 'Discordo totalmente', 'Não concordo nem discordo', 'Concordo', 'Discordo', 'Não concordo nem discordo', 'Discordo', 'Discordo', 'Discordo', 'Não concordo nem discordo', 'Concordo', 'Não concordo nem discordo', 'Concordo', 'Discordo totalmente', 'Discordo', 'Discordo', 'Não concordo nem discordo', 'Discordo', 'Não concordo nem discordo', 'Concordo totalmente', 'Discordo', 'Não concordo nem discordo', 'Concordo', 'Discordo totalmente', 'Concordo totalmente', 'Concordo', 'Discordo', 'Discordo totalmente', 'Concordo totalmente', 'Discordo', 'Discordo', 'Não concordo nem discordo', 'Concordo', 'Não concordo nem discordo', 'Concordo', 'Não sei / Não se aplica', 'Discordo totalmente', 'Discordo', 'Concordo', 'Concordo totalmente', 'Discordo totalmente', 'Discordo', 'Concordo totalmente', 'Não sei / Não se aplica', 'Não sei / Não se aplica', 'Discordo totalmente', 'Não concordo nem discordo', 'Concordo', 'Não sei / Não se aplica', 'Discordo', 'Discordo', 'Concordo', 'Discordo totalmente', 'Concordo', 'Discordo totalmente', 'Concordo', 'Não concordo nem discordo', 'Discordo', 'Concordo', 'Concordo totalmente', 'Discordo totalmente', 'Discordo', 'Concordo totalmente', 'Concordo', 'Não concordo nem discordo', 'Não sei / Não se aplica', 'Discordo', 'Concordo', 'Não concordo nem discordo', 'Discordo', 'Não concordo nem discordo', 'Concordo totalmente', 'Não concordo nem discordo', 'Discordo', 'Concordo', 'Não sei / Não se aplica', 'Discordo', 'Concordo totalmente', 'Discordo totalmente', 'Concordo', 'Discordo', 'Não concordo nem discordo', 'Não concordo nem discordo', 'Concordo totalmente', 'Concordo', 'Discordo totalmente', 'Não concordo nem discordo', 'Discordo totalmente', 'Não concordo nem discordo', 'Concordo', 'Discordo totalmente', 'Discordo totalmente', 'Não sei / Não se aplica', 'Não sei / Não se aplica', 'Concordo totalmente', 'Concordo', 'Discordo', 'Discordo', 'Concordo', 'Não concordo nem discordo', 'Não sei / Não se aplica', 'Concordo totalmente', 'Discordo totalmente', 'Discordo totalmente', 'Discordo totalmente', 'Discordo', 'Discordo', 'Discordo', 'Concordo', 'Concordo', 'Não concordo nem discordo', 'Discordo totalmente', 'Concordo totalmente', 'Discordo', 'Discordo totalmente', 'Concordo', 'Discordo', 'Concordo totalmente', 'Concordo', 'Discordo totalmente', 'Concordo', 'Concordo', 'Concordo', 'Concordo']"
AplRF,A aplicação dos recursos financeiros da UFJF é satisfatória quanto à (ao):,AplRF[MAREF],"Manutenção, ampliação e reformas do espaço físico.","['Discordo', 'Discordo totalmente', 'Discordo totalmente', 'Discordo', 'Concordo totalmente', 'Discordo totalmente', 'Discordo', 'Discordo', 'Discordo totalmente', 'Discordo', 'Não concordo nem discordo', 'Concordo', 'Concordo', 'Discordo', 'Discordo totalmente', 'Concordo', 'Discordo', 'Discordo totalmente', 'Concordo', 'Não concordo nem discordo', 'Não concordo nem discordo', 'Discordo', 'Não concordo nem discordo', 'Não concordo nem discordo', 'Discordo totalmente', 'Concordo totalmente', 'Concordo', 'Discordo totalmente', 'Discordo totalmente', 'Concordo', 'Discordo', 'Não sei / Não se aplica', 'Discordo totalmente', 'Concordo', 'Discordo', 'Discordo', 'Não sei / Não se aplica', 'Discordo totalmente', 'Não sei / Não se aplica', 'Concordo', 'Concordo totalmente', 'Concordo totalmente', 'Discordo', 'Concordo totalmente', 'Discordo', 'Discordo', 'Discordo totalmente', 'Não concordo nem discordo', 'Discordo', 'Não sei / Não se aplica', 'Concordo', 'Discordo totalmente', 'Concordo', 'Discordo totalmente', 'Concordo', 'Discordo totalmente', 'Concordo', 'Discordo', 'Discordo', 'Não concordo nem discordo', 'Concordo totalmente', 'Discordo totalmente', 'Discordo', 'Concordo totalmente', 'Discordo', 'Não concordo nem discordo', 'Não concordo nem discordo', 'Não concordo nem discordo', 'Discordo totalmente', 'Discordo', 'Discordo', 'Não concordo nem discordo', 'Concordo totalmente', 'Discordo', 'Discordo', 'Discordo', 'Não sei / Não se aplica', 'Discordo', 'Concordo totalmente', 'Discordo totalmente', 'Concordo', 'Discordo', 'Não concordo nem discordo', 'Não concordo nem discordo', 'Concordo totalmente', 'Não concordo nem discordo', 'Discordo totalmente', 'Concordo totalmente', 'Discordo totalmente', 'Discordo', 'Concordo totalmente', 'Discordo totalmente', 'Concordo', 'Concordo', 'Não concordo nem discordo', 'Concordo', 'Concordo', 'Discordo', 'Discordo totalmente', 'Não concordo nem discordo', 'Não concordo nem discordo', 'Não sei / Não se aplica', 'Concordo totalmente', 'Discordo totalmente', 'Discordo totalmente', 'Discordo totalmente', 'Discordo', 'Discordo', 'Discordo', 'Concordo', 'Concordo', 'Não concordo nem discordo', 'Discordo totalmente', 'Discordo totalmente', 'Concordo', 'Discordo totalmente', 'Concordo', 'Discordo', 'Concordo totalmente', 'Concordo', 'Discordo totalmente', 'Discordo totalmente', 'Concordo', 'Concordo totalmente', 'Concordo']"
AplRF,A aplicação dos recursos financeiros da UFJF é satisfatória quanto à (ao):,AplRF[BProj],Bolsas para projetos de pesquisa e extensão.,"['Concordo', 'Concordo', 'Concordo', 'Não sei / Não se aplica', 'Concordo totalmente', 'Discordo', 'Discordo', 'Discordo', 'Discordo totalmente', 'Não concordo nem discordo', 'Não concordo nem discordo', 'Concordo', 'Não sei / Não se aplica', 'Discordo', 'Discordo totalmente', 'Concordo', 'Discordo', 'Discordo', 'Não concordo nem discordo', 'Concordo', 'Discordo totalmente', 'Discordo', 'Não concordo nem discordo', 'Discordo', 'Não concordo nem discordo', 'Concordo totalmente', 'Concordo totalmente', 'Não concordo nem discordo', 'Discordo totalmente', 'Concordo', 'Não concordo nem discordo', 'Não sei / Não se aplica', 'Concordo', 'Concordo', 'Discordo', 'Concordo', 'Não sei / Não se aplica', 'Concordo', 'Não concordo nem discordo', 'Discordo', 'Concordo totalmente', 'Não concordo nem discordo', 'Concordo', 'Concordo totalmente', 'Concordo', 'Não sei / Não se aplica', 'Não concordo nem discordo', 'Discordo', 'Não concordo nem discordo', 'Não sei / Não se aplica', 'Concordo totalmente', 'Concordo', 'Discordo totalmente', 'Discordo totalmente', 'Concordo', 'Discordo totalmente', 'Concordo', 'Não concordo nem discordo', 'Não concordo nem discordo', 'Discordo', 'Concordo totalmente', 'Discordo', 'Discordo', 'Concordo totalmente', 'Concordo', 'Não concordo nem discordo', 'Concordo', 'Não concordo nem discordo', 'Discordo', 'Concordo', 'Discordo', 'Não concordo nem discordo', 'Concordo totalmente', 'Discordo', 'Discordo', 'Concordo totalmente', 'Não sei / Não se aplica', 'Discordo totalmente', 'Concordo totalmente', 'Discordo totalmente', 'Concordo', 'Concordo', 'Concordo', 'Não concordo nem discordo', 'Concordo totalmente', 'Discordo', 'Discordo totalmente', 'Não concordo nem discordo', 'Discordo totalmente', 'Não concordo nem discordo', 'Concordo totalmente', 'Concordo', 'Discordo', 'Concordo', 'Não concordo nem discordo', 'Não concordo nem discordo', 'Não sei / Não se aplica', 'Discordo', 'Discordo', 'Concordo totalmente', 'Não concordo nem discordo', 'Concordo', 'Concordo totalmente', 'Discordo totalmente', 'Discordo', 'Discordo totalmente', 'Não concordo nem discordo', 'Não concordo nem discordo', 'Não concordo nem discordo', 'Concordo', 'Concordo', 'Concordo totalmente', 'Concordo', 'Discordo totalmente', 'Discordo', 'Concordo', 'Concordo', 'Não sei / Não se aplica', 'Discordo', 'Concordo', 'Discordo', 'Discordo', 'Concordo', 'Concordo totalmente', 'Concordo']"
AplRF,A aplicação dos recursos financeiros da UFJF é satisfatória quanto à (ao):,AplRF[BMoTP],"Bolsas para monitoria, tutoria e treinamento profissional.","['Concordo', 'Concordo', 'Concordo totalmente', 'Não sei / Não se aplica', 'Não concordo nem discordo', 'Discordo', 'Concordo', 'Discordo', 'Discordo totalmente', 'Não concordo nem discordo', 'Não concordo nem discordo', 'Concordo', 'Não sei / Não se aplica', 'Concordo', 'Discordo totalmente', 'Concordo', 'Discordo', 'Discordo totalmente', 'Discordo', 'Concordo', 'Discordo totalmente', 'Não concordo nem discordo', 'Não concordo nem discordo', 'Discordo', 'Concordo totalmente', 'Concordo totalmente', 'Concordo totalmente', 'Discordo totalmente', 'Discordo totalmente', 'Concordo', 'Discordo', 'Não sei / Não se aplica', 'Concordo', 'Concordo', 'Não concordo nem discordo', 'Concordo', 'Não sei / Não se aplica', 'Concordo totalmente', 'Não sei / Não se aplica', 'Concordo', 'Concordo totalmente', 'Não concordo nem discordo', 'Concordo', 'Concordo totalmente', 'Concordo', 'Discordo', 'Não concordo nem discordo', 'Discordo totalmente', 'Concordo', 'Não sei / Não se aplica', 'Concordo totalmente', 'Concordo', 'Discordo totalmente', 'Discordo totalmente', 'Concordo', 'Discordo totalmente', 'Concordo', 'Não concordo nem discordo', 'Não concordo nem discordo', 'Discordo', 'Concordo totalmente', 'Discordo', 'Discordo', 'Concordo totalmente', 'Concordo', 'Não concordo nem discordo', 'Concordo', 'Não concordo nem discordo', 'Concordo', 'Concordo', 'Concordo', 'Não concordo nem discordo', 'Concordo totalmente', 'Discordo', 'Não concordo nem discordo', 'Concordo', 'Não sei / Não se aplica', 'Não concordo nem discordo', 'Concordo totalmente', 'Discordo totalmente', 'Concordo', 'Concordo', 'Concordo', 'Não concordo nem discordo', 'Concordo totalmente', 'Concordo', 'Discordo totalmente', 'Não concordo nem discordo', 'Discordo totalmente', 'Não concordo nem discordo', 'Concordo totalmente', 'Concordo', 'Não concordo nem discordo', 'Concordo', 'Não concordo nem discordo', 'Concordo totalmente', 'Concordo', 'Discordo', 'Discordo', 'Concordo totalmente', 'Não concordo nem discordo', 'Concordo', 'Concordo totalmente', 'Discordo totalmente', 'Discordo', 'Discordo totalmente', 'Não concordo nem discordo', 'Discordo', 'Não concordo nem discordo', 'Concordo', 'Discordo', 'Concordo totalmente', 'Concordo', 'Discordo totalmente', 'Concordo', 'Concordo', 'Concordo', 'Não sei / Não se aplica', 'Discordo', 'Concordo', 'Discordo', 'Discordo', 'Concordo', 'Concordo totalmente', 'Concordo']"
AplRF,A aplicação dos recursos financeiros da UFJF é satisfatória quanto à (ao):,AplRF[CAVS],Concessão de auxílios para estudantes em vulnerabilidade social,"['Não concordo nem discordo', 'Concordo', 'Concordo totalmente', 'Não sei / Não se aplica', 'Concordo totalmente', 'Não sei / Não se aplica', 'Discordo', 'Discordo', 'Discordo', 'Concordo', 'Não concordo nem discordo', 'Concordo', 'Discordo', 'Não sei / Não se aplica', 'Concordo totalmente', 'Concordo', 'Discordo totalmente', 'Concordo', 'Discordo', 'Concordo', 'Concordo', 'Não concordo nem discordo', 'Não concordo nem discordo', 'Concordo', 'Concordo totalmente', 'Concordo totalmente', 'Concordo totalmente', 'Não concordo nem discordo', 'Discordo totalmente', 'Concordo totalmente', 'Concordo totalmente', 'Não sei / Não se aplica', 'Concordo', 'Concordo', 'Concordo', 'Não concordo nem discordo', 'Não sei / Não se aplica', 'Discordo totalmente', 'Concordo', 'Concordo', 'Concordo totalmente', 'Não concordo nem discordo', 'Concordo', 'Concordo totalmente', 'Concordo', 'Discordo', 'Não concordo nem discordo', 'Não concordo nem discordo', 'Não sei / Não se aplica', 'Não sei / Não se aplica', 'Não sei / Não se aplica', 'Concordo', 'Não sei / Não se aplica', 'Discordo totalmente', 'Concordo', 'Discordo totalmente', 'Concordo', 'Concordo', 'Não sei / Não se aplica', 'Discordo', 'Concordo totalmente', 'Concordo', 'Discordo', 'Concordo totalmente', 'Concordo totalmente', 'Não concordo nem discordo', 'Concordo', 'Não concordo nem discordo', 'Não concordo nem discordo', 'Concordo', 'Concordo', 'Não concordo nem discordo', 'Concordo totalmente', 'Discordo', 'Não concordo nem discordo', 'Concordo', 'Não sei / Não se aplica', 'Não sei / Não se aplica', 'Concordo totalmente', 'Não concordo nem discordo', 'Concordo', 'Concordo', 'Concordo', 'Discordo', 'Concordo totalmente', 'Não sei / Não se aplica', 'Discordo totalmente', 'Discordo', 'Não sei / Não se aplica', 'Não sei / Não se aplica', 'Discordo totalmente', 'Concordo totalmente', 'Não concordo nem discordo', 'Não sei / Não se aplica', 'Não sei / Não se aplica', 'Não sei / Não se aplica', 'Concordo', 'Concordo totalmente', 'Concordo', 'Concordo', 'Não concordo nem discordo', 'Não sei / Não se aplica', 'Concordo totalmente', 'Discordo totalmente', 'Concordo totalmente', 'Concordo', 'Não sei / Não se aplica', 'Concordo', 'Discordo', 'Concordo', 'Concordo totalmente', 'Concordo totalmente', 'Concordo', 'Discordo totalmente', 'Concordo totalmente', 'Concordo totalmente', 'Concordo', 'Discordo', 'Discordo totalmente', 'Concordo', 'Discordo', 'Discordo', 'Concordo', 'Concordo totalmente', 'Discordo']"
TrInv,Há transparência nos investimentos dos recursos financeiros na UFJF.,TrInv,Há transparência nos investimentos dos recursos financeiros na UFJF.,"['Não concordo nem discordo', 'Concordo', 'Concordo totalmente', 'Discordo', 'Concordo', 'Não sei / Não se aplica', 'Discordo', 'Concordo', 'Discordo', 'Não concordo nem discordo', 'Não sei / Não se aplica', 'Concordo', 'Discordo totalmente', 'Discordo totalmente', 'Não concordo nem discordo', 'Discordo totalmente', 'Concordo', 'Não sei / Não se aplica', 'Discordo', 'Concordo', 'Concordo', 'Discordo totalmente', 'Concordo', 'Não concordo nem discordo', 'Concordo totalmente', 'Concordo', 'Concordo', 'Não concordo nem discordo', 'Não sei / Não se aplica', 'Concordo totalmente', 'Não concordo nem discordo', 'Concordo', 'Não sei / Não se aplica', 'Concordo', 'Concordo', 'Não concordo nem discordo', 'Discordo', 'Concordo', 'Não sei / Não se aplica', 'Concordo', 'Concordo totalmente', 'Não sei / Não se aplica', 'Não concordo nem discordo', 'Concordo totalmente', 'Concordo', 'Não concordo nem discordo', 'Não concordo nem discordo', 'Discordo', 'Não concordo nem discordo', 'Não sei / Não se aplica', 'Concordo', 'Concordo', 'Concordo', 'Concordo', 'Concordo', 'Discordo', 'Concordo', 'Não sei / Não se aplica', 'Concordo', 'Concordo', 'Concordo totalmente', 'Não concordo nem discordo', 'Não concordo nem discordo', 'Concordo totalmente', 'Concordo', 'Não concordo nem discordo', 'Não sei / Não se aplica', 'Não concordo nem discordo', 'Discordo', 'Não concordo nem discordo', 'Não sei / Não se aplica', 'Não sei / Não se aplica', 'Concordo totalmente', 'Concordo', 'Não concordo nem discordo', 'Não sei / Não se aplica', 'Não sei / Não se aplica', 'Discordo totalmente', 'Concordo totalmente', 'Discordo', 'Concordo', 'Não concordo nem discordo', 'Não concordo nem discordo', 'Discordo', 'Concordo totalmente', 'Não sei / Não se aplica', 'Discordo totalmente', 'Não concordo nem discordo', 'Discordo', 'Discordo', 'Discordo totalmente', 'Discordo', 'Não sei / Não se aplica', 'Não concordo nem discordo', 'Não concordo nem discordo', 'Não sei / Não se aplica', 'Concordo', 'Discordo', 'Discordo totalmente', 'Não concordo nem discordo', 'Não concordo nem discordo', 'Não sei / Não se aplica', 'Concordo totalmente', 'Discordo totalmente', 'Discordo totalmente', 'Discordo', 'Não concordo nem discordo', 'Não sei / Não se aplica', 'Não concordo nem discordo', 'Concordo', 'Concordo', 'Concordo', 'Discordo totalmente', 'Concordo', 'Discordo', 'Discordo totalmente', 'Não concordo nem discordo', 'Não sei / Não se aplica', 'Concordo totalmente', 'Concordo totalmente', 'Não concordo nem discordo', 'Discordo', 'Concordo', 'Não concordo nem discordo', 'Não concordo nem discordo']"
Qaberta,Comente abaixo o que considerar necessário acerca dos itens avaliados neste questionário.,Qaberta,Comente abaixo o que considerar necessário acerca dos itens avaliados neste questionário.,"['', '', '', '', '', '', '', '', '', '', '', '', '', '', '', '', '', '', '', '', '', '', '', '', '', '', '', '', '', '', '', '', '', '', '', '', '', '', '', '', '', '', '', '', '', '', '', '', '', '', '', '', '', '', '', '', '', '', '', '', '', '', '', '', '', '', '', '', '', '', '', '', '', '', '', '', '', '', '', '', '', '', '', '', '', '', '', '', '', '', '', '', '', '', '', '', '', '', '', '', '', '', '', '', '', '', '', '', '', '', '', '', '', '', '', '', '', '', '', '', '', '', '', '', '']"
